index,resolution,aspect_ratio,orientation,scale,expected_output_width,expected_output_height,actual_output_width,actual_output_height,output_ok,expected_target_width,expected_target_height,actual_target_width,actual_target_height,target_ok,prompt_id
1,1K,1:1,Landscape,1.0,1024,1024,1024,1024,true,1024,1024,1024,1024,true,8c7e11df-7902-448d-8dc3-792cb1f5dd4b
2,1K,1:1,Landscape,1.1,936,936,936,936,true,1030,1030,1030,1030,true,e6f233d7-3b6e-458f-a91f-18bbf3fb9930
3,1K,1:1,Landscape,1.2,856,856,856,856,true,1027,1027,1027,1027,true,b4dbdd08-cd0a-4c7c-a123-f3ff3c7010f9
4,1K,1:1,Landscape,1.3,792,792,792,792,true,1030,1030,1030,1030,true,87401b76-7c6c-4cdf-9703-62c3b420ec41
5,1K,1:1,Landscape,1.4,736,736,736,736,true,1030,1030,1030,1030,true,450d7ecf-dd80-46ea-b8e4-b55c325ea292
6,1K,1:1,Landscape,1.5,688,688,688,688,true,1032,1032,1032,1032,true,690b51cd-f6b0-4b23-801f-746311d35d7e
7,1K,1:1,Landscape,1.6,640,640,640,640,true,1024,1024,1024,1024,true,2574e6e3-196e-4a69-9cdd-ad752b54cb3c
8,1K,1:1,Landscape,1.7,608,608,608,608,true,1034,1034,1034,1034,true,406e5dae-989a-4f82-b5ef-f92332bcaa64
9,1K,1:1,Landscape,1.8,576,576,576,576,true,1037,1037,1037,1037,true,442d94be-cf8a-468b-bc1f-1590a19f120d
10,1K,1:1,Landscape,1.9,544,544,544,544,true,1034,1034,1034,1034,true,2f109946-aef6-4cc0-bb17-11e294a14f8f
11,1K,1:1,Landscape,2.0,512,512,512,512,true,1024,1024,1024,1024,true,06e00336-e889-432c-b43b-38a9fcf60f4b
12,1K,1:1,Portrait,1.0,1024,1024,1024,1024,true,1024,1024,1024,1024,true,de63c71e-e762-4a6b-b4d5-47db60a98132
13,1K,1:1,Portrait,1.1,936,936,936,936,true,1030,1030,1030,1030,true,be25e6c0-f270-444e-9f43-eecd85ceda2e
14,1K,1:1,Portrait,1.2,856,856,856,856,true,1027,1027,1027,1027,true,1b8d5b9a-4685-493e-9262-deee433d40b0
15,1K,1:1,Portrait,1.3,792,792,792,792,true,1030,1030,1030,1030,true,e9ee9478-e5f0-46bd-9ca1-92ba10e09495
16,1K,1:1,Portrait,1.4,736,736,736,736,true,1030,1030,1030,1030,true,487c37e0-e174-447d-819f-5604ce160987
17,1K,1:1,Portrait,1.5,688,688,688,688,true,1032,1032,1032,1032,true,2aa4a844-d25c-465a-a26a-eb60fdcc3807
18,1K,1:1,Portrait,1.6,640,640,640,640,true,1024,1024,1024,1024,true,71940142-f281-46f2-807f-b601f69e95c3
19,1K,1:1,Portrait,1.7,608,608,608,608,true,1034,1034,1034,1034,true,c05dcf09-cf00-4659-b1b3-5d90ecadec30
20,1K,1:1,Portrait,1.8,576,576,576,576,true,1037,1037,1037,1037,true,714f4218-2b6b-4a59-8cb3-4447df24d899
21,1K,1:1,Portrait,1.9,544,544,544,544,true,1034,1034,1034,1034,true,b20b4fa6-6500-40e8-8404-dd70ece4d4b1
22,1K,1:1,Portrait,2.0,512,512,512,512,true,1024,1024,1024,1024,true,98866d58-aa78-487c-8a75-f98c991473ca
23,1K,2:3,Landscape,1.0,1920,1280,1920,1280,true,1920,1280,1920,1280,true,77265fef-b3e1-4345-9092-ce66c876e2c4
24,1K,2:3,Landscape,1.1,1752,1168,1752,1168,true,1927,1285,1927,1285,true,0a6b261f-2353-4768-bb03-2c8eb4d64331
25,1K,2:3,Landscape,1.2,1600,1072,1600,1072,true,1920,1286,1920,1286,true,b9385ee7-4822-4be5-9cbc-88c39d753ba9
26,1K,2:3,Landscape,1.3,1480,992,1480,992,true,1924,1290,1924,1290,true,815f68d2-1431-4a59-9b49-d55ffbddff7b
27,1K,2:3,Landscape,1.4,1376,920,1376,920,true,1926,1288,1926,1288,true,3bd354c3-938c-4cf7-8b85-63fddad76e1c
28,1K,2:3,Landscape,1.5,1280,856,1280,856,true,1920,1284,1920,1284,true,ef50612a-d3ef-4b2d-8691-ba4f3a26a18e
29,1K,2:3,Landscape,1.6,1200,800,1200,800,true,1920,1280,1920,1280,true,b8fa5919-724d-4c04-a19e-006616bc1111
30,1K,2:3,Landscape,1.7,1136,760,1136,760,true,1931,1292,1931,1292,true,80462ae4-bfa7-48f8-a108-c825386f61a1
31,1K,2:3,Landscape,1.8,1072,712,1072,712,true,1930,1282,1930,1282,true,c37ef7e8-fbb0-49ed-99e1-36c14abe5ac7
32,1K,2:3,Landscape,1.9,1016,680,1016,680,true,1930,1292,1930,1292,true,d825c8d3-6082-40cd-86f7-c49bb996923c
33,1K,2:3,Landscape,2.0,960,640,960,640,true,1920,1280,1920,1280,true,a2c07851-91c5-4a4a-a3cc-1a7f8b49f0db
34,1K,2:3,Portrait,1.0,1280,1920,1280,1920,true,1280,1920,1280,1920,true,da8bed29-e413-44a1-ab70-57bedd336c34
35,1K,2:3,Portrait,1.1,1168,1752,1168,1752,true,1285,1927,1285,1927,true,9c1c271f-b37c-4451-9e07-be148e12525c
36,1K,2:3,Portrait,1.2,1072,1600,1072,1600,true,1286,1920,1286,1920,true,dfe6c4fa-b5fc-4625-9a12-5ed2964d4551
37,1K,2:3,Portrait,1.3,992,1480,992,1480,true,1290,1924,1290,1924,true,cd494449-87f2-4d5d-a7d2-724c00c218d9
38,1K,2:3,Portrait,1.4,920,1376,920,1376,true,1288,1926,1288,1926,true,a4d697b9-e0d2-4dbe-8339-a81961ba2fa2
39,1K,2:3,Portrait,1.5,856,1280,856,1280,true,1284,1920,1284,1920,true,238d817a-6c78-4171-87a9-ef6a4bf3aa00
40,1K,2:3,Portrait,1.6,800,1200,800,1200,true,1280,1920,1280,1920,true,0e04c0f8-50e6-4634-97d2-0985d68521a3
41,1K,2:3,Portrait,1.7,760,1136,760,1136,true,1292,1931,1292,1931,true,143c224a-8571-473d-b883-65c558b71972
42,1K,2:3,Portrait,1.8,712,1072,712,1072,true,1282,1930,1282,1930,true,eacc4696-8685-4743-b671-9458ad47e2ee
43,1K,2:3,Portrait,1.9,680,1016,680,1016,true,1292,1930,1292,1930,true,d1719031-bda7-4443-ab8f-d7c6fabffcfb
44,1K,2:3,Portrait,2.0,640,960,640,960,true,1280,1920,1280,1920,true,c9cf2ffd-86ca-4856-b3e0-c71ecb96589a
45,1K,3:4,Landscape,1.0,1920,1440,1920,1440,true,1920,1440,1920,1440,true,abc35cbf-e1b8-478a-8ec5-8d9938d4743f
46,1K,3:4,Landscape,1.1,1752,1312,1752,1312,true,1927,1443,1927,1443,true,82b31162-e228-4475-a889-3c2163eab4a4
47,1K,3:4,Landscape,1.2,1600,1200,1600,1200,true,1920,1440,1920,1440,true,0c9930d3-c119-4278-aea5-8e02854bc5c3
48,1K,3:4,Landscape,1.3,1480,1112,1480,1112,true,1924,1446,1924,1446,true,ae65691d-a65c-4661-abda-57901fad9bae
49,1K,3:4,Landscape,1.4,1376,1032,1376,1032,true,1926,1445,1926,1445,true,73eff713-f3b6-4c81-91ee-aee4ebddbf53
50,1K,3:4,Landscape,1.5,1280,960,1280,960,true,1920,1440,1920,1440,true,280a2452-647a-4861-a531-1e71fdcee891
51,1K,3:4,Landscape,1.6,1200,904,1200,904,true,1920,1446,1920,1446,true,d1618ec8-db3b-4e9f-947e-bcc04377d137
52,1K,3:4,Landscape,1.7,1136,848,1136,848,true,1931,1442,1931,1442,true,06f83ace-39f9-4167-9f15-72f286a0f6cc
53,1K,3:4,Landscape,1.8,1072,800,1072,800,true,1930,1440,1930,1440,true,fec64805-6106-4080-bb82-84b4183c9ced
54,1K,3:4,Landscape,1.9,1016,760,1016,760,true,1930,1444,1930,1444,true,c8643d71-133d-4712-b526-948b6d40d9bb
55,1K,3:4,Landscape,2.0,960,720,960,720,true,1920,1440,1920,1440,true,b8317364-349c-4a78-9e32-693d08b264fa
56,1K,3:4,Portrait,1.0,1440,1920,1440,1920,true,1440,1920,1440,1920,true,dd8e2e37-4637-415c-8a2e-2cc8d4d0478f
57,1K,3:4,Portrait,1.1,1312,1752,1312,1752,true,1443,1927,1443,1927,true,702f8b7c-07b7-4730-952f-87697f1fb7aa
58,1K,3:4,Portrait,1.2,1200,1600,1200,1600,true,1440,1920,1440,1920,true,ae4b4a18-a754-4236-a0bb-d44b2f42010f
59,1K,3:4,Portrait,1.3,1112,1480,1112,1480,true,1446,1924,1446,1924,true,ef9deca4-6650-4688-b7f6-6a79735bce9a
60,1K,3:4,Portrait,1.4,1032,1376,1032,1376,true,1445,1926,1445,1926,true,818667c8-f5fa-45b8-bec7-ef11d5868603
61,1K,3:4,Portrait,1.5,960,1280,960,1280,true,1440,1920,1440,1920,true,ab9f417b-3ff9-47b9-82b0-416523c8b5b7
62,1K,3:4,Portrait,1.6,904,1200,904,1200,true,1446,1920,1446,1920,true,c23c690e-6af2-447d-969c-352260fc6b6e
63,1K,3:4,Portrait,1.7,848,1136,848,1136,true,1442,1931,1442,1931,true,8ca5bad6-6fb0-432d-8d13-5b4011301c9c
64,1K,3:4,Portrait,1.8,800,1072,800,1072,true,1440,1930,1440,1930,true,81766ce6-35cb-454b-89a1-cd1d3791f580
65,1K,3:4,Portrait,1.9,760,1016,760,1016,true,1444,1930,1444,1930,true,1197b8f9-1125-40c6-9dd0-3df497ab0e11
66,1K,3:4,Portrait,2.0,720,960,720,960,true,1440,1920,1440,1920,true,bea6eb81-75d4-4abd-9aab-bf080156a2af
67,1K,16:9,Landscape,1.0,1920,1080,1920,1080,true,1920,1080,1920,1080,true,3e946a21-b1c8-43c1-8bae-e53bdff4a99a
68,1K,16:9,Landscape,1.1,1752,984,1752,984,true,1927,1082,1927,1082,true,6e6c1226-efd6-4d88-bcfc-7ce2fcd61332
69,1K,16:9,Landscape,1.2,1600,904,1600,904,true,1920,1085,1920,1085,true,08bbaaa5-710c-4740-b408-4aeef43259ca
70,1K,16:9,Landscape,1.3,1480,832,1480,832,true,1924,1082,1924,1082,true,ec6be419-067d-4a40-97d6-9cbba71e4ac3
71,1K,16:9,Landscape,1.4,1376,776,1376,776,true,1926,1086,1926,1086,true,5d8f7857-16b4-4aaf-87a4-7fb0ac3d6409
72,1K,16:9,Landscape,1.5,1280,720,1280,720,true,1920,1080,1920,1080,true,8a189cc2-bed3-492b-863a-357c714e3235
73,1K,16:9,Landscape,1.6,1200,680,1200,680,true,1920,1088,1920,1088,true,f68c8f72-9f62-4963-b7f7-92a0270cdb30
74,1K,16:9,Landscape,1.7,1136,640,1136,640,true,1931,1088,1931,1088,true,1aebef41-f257-40ef-9e8d-849ead044f14
75,1K,16:9,Landscape,1.8,1072,600,1072,600,true,1930,1080,1930,1080,true,4ca66315-b7e0-4ba8-a7ab-2e6b80a6773c
76,1K,16:9,Landscape,1.9,1016,576,1016,576,true,1930,1094,1930,1094,true,5b3fd60d-fa37-48e3-8a61-524fdd00731a
77,1K,16:9,Landscape,2.0,960,544,960,544,true,1920,1088,1920,1088,true,126e0df4-2871-4a17-84cf-9a8daf1b9cc1
78,1K,16:9,Portrait,1.0,1080,1920,1080,1920,true,1080,1920,1080,1920,true,8beb879c-4a3b-4ba4-a2c5-da6a15c41e80
79,1K,16:9,Portrait,1.1,984,1752,984,1752,true,1082,1927,1082,1927,true,704d25ad-238b-4bd7-bf4a-a31f951c1191
80,1K,16:9,Portrait,1.2,904,1600,904,1600,true,1085,1920,1085,1920,true,4da6d1bf-e784-4433-874d-494fe00ed950
81,1K,16:9,Portrait,1.3,832,1480,832,1480,true,1082,1924,1082,1924,true,34c84a6c-e6c6-44fe-9427-4cdd13d1ab3a
82,1K,16:9,Portrait,1.4,776,1376,776,1376,true,1086,1926,1086,1926,true,3969779c-ec3b-456b-a558-908238f6c13f
83,1K,16:9,Portrait,1.5,720,1280,720,1280,true,1080,1920,1080,1920,true,c7498fcd-47f4-42b7-a4f6-040429218274
84,1K,16:9,Portrait,1.6,680,1200,680,1200,true,1088,1920,1088,1920,true,921fcc08-b6cb-4c3f-bbc4-09e613624587
85,1K,16:9,Portrait,1.7,640,1136,640,1136,true,1088,1931,1088,1931,true,3eb917d6-f9bc-4c16-b10e-7d2b4a40a2a8
86,1K,16:9,Portrait,1.8,600,1072,600,1072,true,1080,1930,1080,1930,true,179eeee8-aeda-4590-bedc-991a30c30544
87,1K,16:9,Portrait,1.9,576,1016,576,1016,true,1094,1930,1094,1930,true,4b7fc529-498d-4c43-8659-da0465862d7e
88,1K,16:9,Portrait,2.0,544,960,544,960,true,1088,1920,1088,1920,true,2964df78-19fe-414e-b4be-dc56ff8efc70
89,1K,21:9,Landscape,1.0,2560,1088,2560,1088,true,2560,1088,2560,1088,true,1650b453-e39a-44a0-bc67-2225a49cb58f
90,1K,21:9,Landscape,1.1,2328,992,2328,992,true,2561,1091,2561,1091,true,2b9b39da-324a-4fe5-855e-3a5fdca8dc90
91,1K,21:9,Landscape,1.2,2136,912,2136,912,true,2563,1094,2563,1094,true,92d870e9-1bc3-47b9-950f-c94e4927125d
92,1K,21:9,Landscape,1.3,1976,840,1976,840,true,2569,1092,2569,1092,true,a15fc8bc-8d8b-4fe0-94f3-61220729af45
93,1K,21:9,Landscape,1.4,1832,784,1832,784,true,2565,1098,2565,1098,true,ad05edae-827f-465a-b5e6-76e7ee757505
94,1K,21:9,Landscape,1.5,1712,728,1712,728,true,2568,1092,2568,1092,true,405250a4-d22f-4f17-86fd-7c2361075ea2
95,1K,21:9,Landscape,1.6,1600,680,1600,680,true,2560,1088,2560,1088,true,3d3e2770-04f0-4ff2-b7d0-bb78d4b7aa8a
96,1K,21:9,Landscape,1.7,1512,640,1512,640,true,2570,1088,2570,1088,true,a3a85583-2a30-4372-95a2-7300b00b8967
97,1K,21:9,Landscape,1.8,1424,608,1424,608,true,2563,1094,2563,1094,true,37fc6634-8d6e-4b5e-83a7-26c589f84e54
98,1K,21:9,Landscape,1.9,1352,576,1352,576,true,2569,1094,2569,1094,true,f456ad02-82c5-4bfd-9c5f-cff19022c5ee
99,1K,21:9,Landscape,2.0,1280,544,1280,544,true,2560,1088,2560,1088,true,81ffde21-34c4-444c-b1b6-a82870aa5165
100,1K,21:9,Portrait,1.0,1088,2560,1088,2560,true,1088,2560,1088,2560,true,78dc7dce-c79d-444e-9794-74742c3ab30e
101,1K,21:9,Portrait,1.1,992,2328,992,2328,true,1091,2561,1091,2561,true,65ae2aa3-abd8-48c5-bf41-1fcc9f296e4b
102,1K,21:9,Portrait,1.2,912,2136,912,2136,true,1094,2563,1094,2563,true,c3e536ce-bdc1-4303-8fae-79ed5b16b72c
103,1K,21:9,Portrait,1.3,840,1976,840,1976,true,1092,2569,1092,2569,true,52ce4de3-80c0-4469-acb4-5db6464e7dd1
104,1K,21:9,Portrait,1.4,784,1832,784,1832,true,1098,2565,1098,2565,true,7bc7757a-e179-4612-a307-0fa707b7a495
105,1K,21:9,Portrait,1.5,728,1712,728,1712,true,1092,2568,1092,2568,true,afb1de28-d055-4be5-83b6-0653ceb49eca
106,1K,21:9,Portrait,1.6,680,1600,680,1600,true,1088,2560,1088,2560,true,cfe109c3-0386-4970-bc88-df8a5f552ca4
107,1K,21:9,Portrait,1.7,640,1512,640,1512,true,1088,2570,1088,2570,true,e73ba157-80f9-4354-9c93-cb56343cbdd1
108,1K,21:9,Portrait,1.8,608,1424,608,1424,true,1094,2563,1094,2563,true,6aaef7be-d0c0-4506-9185-7567b6d5a1ef
109,1K,21:9,Portrait,1.9,576,1352,576,1352,true,1094,2569,1094,2569,true,4e7ccf48-e9ec-4a0b-bdd5-6fc2092bf42e
110,1K,21:9,Portrait,2.0,544,1280,544,1280,true,1088,2560,1088,2560,true,6903ff33-09f5-4fd7-a9ec-a40857724ecd
111,2K,1:1,Landscape,1.0,2048,2048,2048,2048,true,2048,2048,2048,2048,true,5c15865c-5af7-47ed-b67d-2d0a5a1d22c3
112,2K,1:1,Landscape,1.1,1864,1864,1864,1864,true,2050,2050,2050,2050,true,e83e3499-8a40-4352-9f93-9c4a6bc08006
113,2K,1:1,Landscape,1.2,1712,1712,1712,1712,true,2054,2054,2054,2054,true,111a3f41-d724-45e8-ae5a-06101b7271f9
114,2K,1:1,Landscape,1.3,1576,1576,1576,1576,true,2049,2049,2049,2049,true,3444a173-0b6b-4dc1-8724-40ea8af0de0d
115,2K,1:1,Landscape,1.4,1464,1464,1464,1464,true,2050,2050,2050,2050,true,04c9821e-3a3f-4fab-8e49-2c407e25d63c
116,2K,1:1,Landscape,1.5,1368,1368,1368,1368,true,2052,2052,2052,2052,true,c66501ad-c881-46b8-ac8f-030ee16d5579
117,2K,1:1,Landscape,1.6,1280,1280,1280,1280,true,2048,2048,2048,2048,true,4cdbbc72-0a08-427f-82ab-141844ddc02f
118,2K,1:1,Landscape,1.7,1208,1208,1208,1208,true,2054,2054,2054,2054,true,4faabc4a-ce26-42ae-a03e-b3d30f38a2ec
119,2K,1:1,Landscape,1.8,1144,1144,1144,1144,true,2059,2059,2059,2059,true,67771e70-2e6e-4300-848d-c38144142ef9
120,2K,1:1,Landscape,1.9,1080,1080,1080,1080,true,2052,2052,2052,2052,true,af904c06-16a9-43da-a887-58807e3545b8
121,2K,1:1,Landscape,2.0,1024,1024,1024,1024,true,2048,2048,2048,2048,true,dd51148c-5532-4481-b634-3279e33ca3f5
122,2K,1:1,Portrait,1.0,2048,2048,2048,2048,true,2048,2048,2048,2048,true,9a48e743-4e91-42f6-b1d1-b8c2e8e60049
123,2K,1:1,Portrait,1.1,1864,1864,1864,1864,true,2050,2050,2050,2050,true,0f1e1015-6b77-4fc9-8052-6838d42da88c
124,2K,1:1,Portrait,1.2,1712,1712,1712,1712,true,2054,2054,2054,2054,true,e750add0-4dcc-4b11-99ee-f8ebb603c59c
125,2K,1:1,Portrait,1.3,1576,1576,1576,1576,true,2049,2049,2049,2049,true,c5f86cd0-e176-4b29-9d05-da2dda53f419
126,2K,1:1,Portrait,1.4,1464,1464,1464,1464,true,2050,2050,2050,2050,true,846cf747-8e85-423e-bffd-fdf8b377c968
127,2K,1:1,Portrait,1.5,1368,1368,1368,1368,true,2052,2052,2052,2052,true,37b0406c-6c67-4474-9952-80052c9e12fe
128,2K,1:1,Portrait,1.6,1280,1280,1280,1280,true,2048,2048,2048,2048,true,149cc9e1-e73e-4da3-86bb-a272816a0b02
129,2K,1:1,Portrait,1.7,1208,1208,1208,1208,true,2054,2054,2054,2054,true,ec10cd6e-90e4-404a-a2ba-4f6ff95ee99a
130,2K,1:1,Portrait,1.8,1144,1144,1144,1144,true,2059,2059,2059,2059,true,942e2e3f-9a4b-4a64-bfa5-9a4b2a1e4a72
131,2K,1:1,Portrait,1.9,1080,1080,1080,1080,true,2052,2052,2052,2052,true,96b23285-0975-452d-b0d9-e459bdd5c1ca
132,2K,1:1,Portrait,2.0,1024,1024,1024,1024,true,2048,2048,2048,2048,true,b147b139-ab60-4745-937e-e134b3fab8a0
133,2K,2:3,Landscape,1.0,2560,1712,2560,1712,true,2560,1712,2560,1712,true,5fd3d140-209c-41d1-9739-ed0d9e1f6ac6
134,2K,2:3,Landscape,1.1,2328,1560,2328,1560,true,2561,1716,2561,1716,true,b57931ad-0020-49a3-8a7a-96f61c0d2759
135,2K,2:3,Landscape,1.2,2136,1432,2136,1432,true,2563,1718,2563,1718,true,3fbd1e63-ffe8-487d-8548-09c3d363f659
136,2K,2:3,Landscape,1.3,1976,1320,1976,1320,true,2569,1716,2569,1716,true,4d809006-331e-4eac-af98-82c19c461f34
137,2K,2:3,Landscape,1.4,1832,1224,1832,1224,true,2565,1714,2565,1714,true,81188369-1e3c-4ff5-9110-abe1df6b1995
138,2K,2:3,Landscape,1.5,1712,1144,1712,1144,true,2568,1716,2568,1716,true,9f3a6e8a-5ec8-46d8-b815-10d54702b096
139,2K,2:3,Landscape,1.6,1600,1072,1600,1072,true,2560,1715,2560,1715,true,7c95c97b-db89-485a-9bb6-96fdaed0bc81
140,2K,2:3,Landscape,1.7,1512,1008,1512,1008,true,2570,1714,2570,1714,true,6d91443a-5941-4932-bf2f-adb1309bb967
141,2K,2:3,Landscape,1.8,1424,952,1424,952,true,2563,1714,2563,1714,true,e8889079-74b5-4429-98a5-dd05654f180a
142,2K,2:3,Landscape,1.9,1352,904,1352,904,true,2569,1718,2569,1718,true,f5418c66-b7ef-44eb-af09-b392c28635e9
143,2K,2:3,Landscape,2.0,1280,856,1280,856,true,2560,1712,2560,1712,true,94c7348e-d421-4d86-bfa5-6de91f4d65ee
144,2K,2:3,Portrait,1.0,1712,2560,1712,2560,true,1712,2560,1712,2560,true,47b9063a-9d14-4589-948f-1814ce4d9f00
145,2K,2:3,Portrait,1.1,1560,2328,1560,2328,true,1716,2561,1716,2561,true,3bc14e64-a695-4c2f-805d-583c102e5a7a
146,2K,2:3,Portrait,1.2,1432,2136,1432,2136,true,1718,2563,1718,2563,true,e2081409-1ee1-413e-bf14-157509fc4773
147,2K,2:3,Portrait,1.3,1320,1976,1320,1976,true,1716,2569,1716,2569,true,1ea608c0-c3e6-4173-861e-c622f8518ed1
148,2K,2:3,Portrait,1.4,1224,1832,1224,1832,true,1714,2565,1714,2565,true,7c44f5f2-d3b8-4e5c-9d14-8023b3ec35c5
149,2K,2:3,Portrait,1.5,1144,1712,1144,1712,true,1716,2568,1716,2568,true,ff6aecbf-93fa-47eb-9f8e-fb9454407269
150,2K,2:3,Portrait,1.6,1072,1600,1072,1600,true,1715,2560,1715,2560,true,f884331e-6bf7-4a2c-b6ed-adb10d63b821
151,2K,2:3,Portrait,1.7,1008,1512,1008,1512,true,1714,2570,1714,2570,true,3fe37fb8-c5ca-47be-af0f-c04e9ddcab16
152,2K,2:3,Portrait,1.8,952,1424,952,1424,true,1714,2563,1714,2563,true,748d71c4-30e3-4c4d-8002-a2f61a267f2f
153,2K,2:3,Portrait,1.9,904,1352,904,1352,true,1718,2569,1718,2569,true,a913c3ad-bf41-40a0-8fd3-8acde2197ab5
154,2K,2:3,Portrait,2.0,856,1280,856,1280,true,1712,2560,1712,2560,true,80da2f47-3dfe-49f0-b269-d1fa3c38ea1b
155,2K,3:4,Landscape,1.0,2560,1920,2560,1920,true,2560,1920,2560,1920,true,bac488fa-c788-439a-bdfe-a9db4f853eb0
156,2K,3:4,Landscape,1.1,2328,1752,2328,1752,true,2561,1927,2561,1927,true,cb32e71f-465c-40b9-8641-ef5a70573402
157,2K,3:4,Landscape,1.2,2136,1600,2136,1600,true,2563,1920,2563,1920,true,90ef6ecf-ee94-4cc7-8346-1a307c0e29d0
158,2K,3:4,Landscape,1.3,1976,1480,1976,1480,true,2569,1924,2569,1924,true,e0ff71b2-dc7a-4ad6-a36a-4e2f2ca7b51a
159,2K,3:4,Landscape,1.4,1832,1376,1832,1376,true,2565,1926,2565,1926,true,dccc9abc-4bac-4939-a755-5b7d2a8cdd8a
160,2K,3:4,Landscape,1.5,1712,1280,1712,1280,true,2568,1920,2568,1920,true,3e972f88-3554-4f3b-89b9-37eced6688fc
161,2K,3:4,Landscape,1.6,1600,1200,1600,1200,true,2560,1920,2560,1920,true,b472fb36-852d-4329-8665-380a2b8c6f0a
162,2K,3:4,Landscape,1.7,1512,1136,1512,1136,true,2570,1931,2570,1931,true,626277b9-01ea-4482-b6a1-fca6d2f7a48d
163,2K,3:4,Landscape,1.8,1424,1072,1424,1072,true,2563,1930,2563,1930,true,7c980f2f-4f6f-44e3-a397-5a138ff45bc9
164,2K,3:4,Landscape,1.9,1352,1016,1352,1016,true,2569,1930,2569,1930,true,55a6531c-54c2-43c8-8889-2c0bfb6b7d18
165,2K,3:4,Landscape,2.0,1280,960,1280,960,true,2560,1920,2560,1920,true,1ae5bbcf-659b-406f-ba07-7ac731ae0095
166,2K,3:4,Portrait,1.0,1920,2560,1920,2560,true,1920,2560,1920,2560,true,53a3284c-f0c8-4fa9-b02c-b98b1a8e1723
167,2K,3:4,Portrait,1.1,1752,2328,1752,2328,true,1927,2561,1927,2561,true,5789b8c2-4abe-45c4-99ea-bf4f392df585
168,2K,3:4,Portrait,1.2,1600,2136,1600,2136,true,1920,2563,1920,2563,true,91fd2bd3-8769-4b66-829e-b7e6026392ef
169,2K,3:4,Portrait,1.3,1480,1976,1480,1976,true,1924,2569,1924,2569,true,d5bb90ee-81cd-4490-be3d-f613667cf053
170,2K,3:4,Portrait,1.4,1376,1832,1376,1832,true,1926,2565,1926,2565,true,964df9f9-2d8d-46ae-ac81-0523915f6be8
171,2K,3:4,Portrait,1.5,1280,1712,1280,1712,true,1920,2568,1920,2568,true,de3a0bff-b1fb-487c-96de-aed8e72efdf8
172,2K,3:4,Portrait,1.6,1200,1600,1200,1600,true,1920,2560,1920,2560,true,e5b670d6-9b0d-4dcc-a33e-f6dd43558110
173,2K,3:4,Portrait,1.7,1136,1512,1136,1512,true,1931,2570,1931,2570,true,36f5cc69-5e4e-4b97-978b-d128421668c5
174,2K,3:4,Portrait,1.8,1072,1424,1072,1424,true,1930,2563,1930,2563,true,199473cd-d7ac-49c2-ba3a-63fce9ce442b
175,2K,3:4,Portrait,1.9,1016,1352,1016,1352,true,1930,2569,1930,2569,true,d10df255-fd78-424b-9b0a-de3a3b252c2c
176,2K,3:4,Portrait,2.0,960,1280,960,1280,true,1920,2560,1920,2560,true,e459d84f-cf02-45b6-b11f-562f9e5662bc
177,2K,16:9,Landscape,1.0,2560,1440,2560,1440,true,2560,1440,2560,1440,true,7c11d8cf-4d6f-436e-bee6-29ae441b73c3
178,2K,16:9,Landscape,1.1,2328,1312,2328,1312,true,2561,1443,2561,1443,true,cfb40ca5-f571-479a-bb1f-b9a1f00801de
179,2K,16:9,Landscape,1.2,2136,1200,2136,1200,true,2563,1440,2563,1440,true,cb4eb5e8-d4e2-4b0e-9b55-f8e5a800c1d6
180,2K,16:9,Landscape,1.3,1976,1112,1976,1112,true,2569,1446,2569,1446,true,e7a4abf3-f332-4757-b1bd-0eaaaeaa6437
181,2K,16:9,Landscape,1.4,1832,1032,1832,1032,true,2565,1445,2565,1445,true,f9ef1950-e3c8-44a5-8c00-3c68373f20f6
182,2K,16:9,Landscape,1.5,1712,960,1712,960,true,2568,1440,2568,1440,true,2bde3843-2cf2-46dc-844b-54b5f7755ad9
183,2K,16:9,Landscape,1.6,1600,904,1600,904,true,2560,1446,2560,1446,true,d73fbd60-f9cd-444c-b728-6c439dee089e
184,2K,16:9,Landscape,1.7,1512,848,1512,848,true,2570,1442,2570,1442,true,7a21c25a-6b8a-4a63-99dd-8f7e7feb522f
185,2K,16:9,Landscape,1.8,1424,800,1424,800,true,2563,1440,2563,1440,true,aef39e0a-af67-4f7b-ae7d-4b1ef25e6ffd
186,2K,16:9,Landscape,1.9,1352,760,1352,760,true,2569,1444,2569,1444,true,7e2bdc9d-142d-42ed-b102-e30bee9c249d
187,2K,16:9,Landscape,2.0,1280,720,1280,720,true,2560,1440,2560,1440,true,dd8fccf8-c510-4046-9440-a74df09958f6
188,2K,16:9,Portrait,1.0,1440,2560,1440,2560,true,1440,2560,1440,2560,true,5a6dac2f-6f4c-43af-8748-46cd8ab559f4
189,2K,16:9,Portrait,1.1,1312,2328,1312,2328,true,1443,2561,1443,2561,true,624f94b6-2b6e-406f-8052-ccd5d8ae3a9a
190,2K,16:9,Portrait,1.2,1200,2136,1200,2136,true,1440,2563,1440,2563,true,517ee70b-e24c-4c69-bb6f-6f7938a6a94f
191,2K,16:9,Portrait,1.3,1112,1976,1112,1976,true,1446,2569,1446,2569,true,3a199b77-72d0-49ca-ae8f-ff152784f988
192,2K,16:9,Portrait,1.4,1032,1832,1032,1832,true,1445,2565,1445,2565,true,53d96d45-32a1-43a4-81dc-7be18e290fe6
193,2K,16:9,Portrait,1.5,960,1712,960,1712,true,1440,2568,1440,2568,true,f5ab5eb4-f7d6-42c2-84f0-ee7c45312946
194,2K,16:9,Portrait,1.6,904,1600,904,1600,true,1446,2560,1446,2560,true,693465bc-fbef-4df4-b059-a149733edbfe
195,2K,16:9,Portrait,1.7,848,1512,848,1512,true,1442,2570,1442,2570,true,391dd778-972d-4bd1-81e7-65f63704f016
196,2K,16:9,Portrait,1.8,800,1424,800,1424,true,1440,2563,1440,2563,true,730897cc-bcae-43fb-8c7f-e36a780bd256
197,2K,16:9,Portrait,1.9,760,1352,760,1352,true,1444,2569,1444,2569,true,aec47ef6-dc07-46cd-8513-372ee9bb777b
198,2K,16:9,Portrait,2.0,720,1280,720,1280,true,1440,2560,1440,2560,true,cfa523b7-fe27-4106-aa1d-b17e96fd0d3d
199,2K,21:9,Landscape,1.0,3440,1440,3440,1440,true,3440,1440,3440,1440,true,90b3e0ce-dd8d-4ae6-9390-f5aa92cd1d9f
200,2K,21:9,Landscape,1.1,3128,1312,3128,1312,true,3441,1443,3441,1443,true,2a9e80b3-00f4-4118-809d-c6e87eb2ddfe
201,2K,21:9,Landscape,1.2,2872,1200,2872,1200,true,3446,1440,3446,1440,true,b372fa31-dd53-4263-a73c-225651d7fd92
202,2K,21:9,Landscape,1.3,2648,1112,2648,1112,true,3442,1446,3442,1446,true,17fba0c8-f808-47a3-8569-7839ba68d7ff
203,2K,21:9,Landscape,1.4,2464,1032,2464,1032,true,3450,1445,3450,1445,true,06b01264-0fbb-4d2f-87a7-6d4c60bc7089
204,2K,21:9,Landscape,1.5,2296,960,2296,960,true,3444,1440,3444,1440,true,e7b1cafb-935d-4f5d-b1c1-81d92d30b74d
205,2K,21:9,Landscape,1.6,2152,904,2152,904,true,3443,1446,3443,1446,true,d5af4433-e86f-47bf-9492-783b2d7776bc
206,2K,21:9,Landscape,1.7,2024,848,2024,848,true,3441,1442,3441,1442,true,db994520-439c-4707-83cc-68d734ac90e7
207,2K,21:9,Landscape,1.8,1912,800,1912,800,true,3442,1440,3442,1440,true,1316b3bd-a961-41a0-bdc0-8200d9cca9c0
208,2K,21:9,Landscape,1.9,1816,760,1816,760,true,3450,1444,3450,1444,true,e9aec13d-14da-44e5-8286-4266937e0b24
209,2K,21:9,Landscape,2.0,1720,720,1720,720,true,3440,1440,3440,1440,true,31a91773-679f-43ab-9b73-3526815b9be2
210,2K,21:9,Portrait,1.0,1440,3440,1440,3440,true,1440,3440,1440,3440,true,72056bf8-a595-4e2e-aa9f-1750ba042c36
211,2K,21:9,Portrait,1.1,1312,3128,1312,3128,true,1443,3441,1443,3441,true,df9fde99-45d6-4b87-b367-45ecaccb187d
212,2K,21:9,Portrait,1.2,1200,2872,1200,2872,true,1440,3446,1440,3446,true,e88db3e2-fa23-4e6d-be5d-4e1232a58ffe
213,2K,21:9,Portrait,1.3,1112,2648,1112,2648,true,1446,3442,1446,3442,true,d9c42ec4-31d0-48f8-9acc-a6d31b4f6f87
214,2K,21:9,Portrait,1.4,1032,2464,1032,2464,true,1445,3450,1445,3450,true,e92a72d1-07b6-4009-89ac-60e542f129e5
215,2K,21:9,Portrait,1.5,960,2296,960,2296,true,1440,3444,1440,3444,true,2e5580a9-58aa-4509-a586-927d084a7943
216,2K,21:9,Portrait,1.6,904,2152,904,2152,true,1446,3443,1446,3443,true,1bf7dcfa-2fc8-436c-a3f0-52c19e940bd7
217,2K,21:9,Portrait,1.7,848,2024,848,2024,true,1442,3441,1442,3441,true,321dd8f7-99b7-43e8-b660-56526ae9e936
218,2K,21:9,Portrait,1.8,800,1912,800,1912,true,1440,3442,1440,3442,true,8124e56a-109a-48ac-8139-c34c4021c2a1
219,2K,21:9,Portrait,1.9,760,1816,760,1816,true,1444,3450,1444,3450,true,db49cada-ac36-442c-a5e6-971227e05ad4
220,2K,21:9,Portrait,2.0,720,1720,720,1720,true,1440,3440,1440,3440,true,c57d0f89-05e2-4920-ae4a-9356bd1f9abb
221,4K,1:1,Landscape,1.0,2160,2160,2160,2160,true,2160,2160,2160,2160,true,35c619f6-89a7-4c46-8f08-904492ee43e2
222,4K,1:1,Landscape,1.1,1968,1968,1968,1968,true,2165,2165,2165,2165,true,201ef3ba-11de-431e-92b8-b55aa73d8c21
223,4K,1:1,Landscape,1.2,1800,1800,1800,1800,true,2160,2160,2160,2160,true,80a042a0-c431-4983-987d-2e2ff5505b1c
224,4K,1:1,Landscape,1.3,1664,1664,1664,1664,true,2163,2163,2163,2163,true,139668e6-a6a0-460a-892e-425b1051a755
225,4K,1:1,Landscape,1.4,1544,1544,1544,1544,true,2162,2162,2162,2162,true,cfe7314e-a959-4f0f-83a0-f01ad12d2882
226,4K,1:1,Landscape,1.5,1440,1440,1440,1440,true,2160,2160,2160,2160,true,b557429b-910d-479f-ab0c-fa6f5a19216a
227,4K,1:1,Landscape,1.6,1352,1352,1352,1352,true,2163,2163,2163,2163,true,8a1b88eb-4989-4954-8531-7a353815f27f
228,4K,1:1,Landscape,1.7,1272,1272,1272,1272,true,2162,2162,2162,2162,true,05681230-e82f-4c1c-aa12-34aef5591e94
229,4K,1:1,Landscape,1.8,1200,1200,1200,1200,true,2160,2160,2160,2160,true,f72381ca-73e4-4324-a538-d2196c1dba95
230,4K,1:1,Landscape,1.9,1144,1144,1144,1144,true,2174,2174,2174,2174,true,0482face-803b-4482-add5-7e71a7e577ab
231,4K,1:1,Landscape,2.0,1080,1080,1080,1080,true,2160,2160,2160,2160,true,52c2a70d-34b9-45eb-a29c-2715a17c5338
232,4K,1:1,Portrait,1.0,2160,2160,2160,2160,true,2160,2160,2160,2160,true,6916b9f7-9cd8-43af-b8f3-fe97d84d81e5
233,4K,1:1,Portrait,1.1,1968,1968,1968,1968,true,2165,2165,2165,2165,true,ffb312e3-4eea-4f6e-968e-a82d148b37c4
234,4K,1:1,Portrait,1.2,1800,1800,1800,1800,true,2160,2160,2160,2160,true,172de88a-07e9-4367-8b84-30ceabe5fa51
235,4K,1:1,Portrait,1.3,1664,1664,1664,1664,true,2163,2163,2163,2163,true,b1694c2d-bdba-473b-b467-ac153f530cc1
236,4K,1:1,Portrait,1.4,1544,1544,1544,1544,true,2162,2162,2162,2162,true,bdc443c9-6b4b-4d73-ab92-485dff042fd9
237,4K,1:1,Portrait,1.5,1440,1440,1440,1440,true,2160,2160,2160,2160,true,201f972a-a236-4ee5-b96b-72c234c1bf40
238,4K,1:1,Portrait,1.6,1352,1352,1352,1352,true,2163,2163,2163,2163,true,974552cc-a01c-4249-a14d-bc82d4bc1821
239,4K,1:1,Portrait,1.7,1272,1272,1272,1272,true,2162,2162,2162,2162,true,007eee84-753d-462e-a710-9d481cc499e1
240,4K,1:1,Portrait,1.8,1200,1200,1200,1200,true,2160,2160,2160,2160,true,ba3b7583-d8cf-49f8-ae19-9e381feb09bb
241,4K,1:1,Portrait,1.9,1144,1144,1144,1144,true,2174,2174,2174,2174,true,549f7abf-ccd5-4840-9f5b-d32f05dbc966
242,4K,1:1,Portrait,2.0,1080,1080,1080,1080,true,2160,2160,2160,2160,true,89297f91-7163-4315-b22c-4b01a5fc09a3
243,4K,2:3,Landscape,1.0,3840,2560,3840,2560,true,3840,2560,3840,2560,true,e3b21634-2c51-4dc7-ab77-b1864a8f9927
244,4K,2:3,Landscape,1.1,3496,2328,3496,2328,true,3846,2561,3846,2561,true,1f865f27-b05d-4f25-9b11-37fc7e09ca9e
245,4K,2:3,Landscape,1.2,3200,2136,3200,2136,true,3840,2563,3840,2563,true,44d99849-6076-45d6-b683-896faa347720
246,4K,2:3,Landscape,1.3,2960,1976,2960,1976,true,3848,2569,3848,2569,true,fde4f47e-5d5d-43d1-a161-6f9c8b52dd2a
247,4K,2:3,Landscape,1.4,2744,1832,2744,1832,true,3842,2565,3842,2565,true,c674a5b5-a7bc-4771-845f-53f4dc5aadf1
248,4K,2:3,Landscape,1.5,2560,1712,2560,1712,true,3840,2568,3840,2568,true,895d0e3c-c880-4f7b-89a6-ea2f0283f7d3
249,4K,2:3,Landscape,1.6,2400,1600,2400,1600,true,3840,2560,3840,2560,true,971a6cc9-adee-4ad3-8775-97578cfa9379
250,4K,2:3,Landscape,1.7,2264,1512,2264,1512,true,3849,2570,3849,2570,true,487b0212-b4f5-41dc-9e8d-ee70da89e0bf
251,4K,2:3,Landscape,1.8,2136,1424,2136,1424,true,3845,2563,3845,2563,true,8f92f253-194d-4da2-8fab-079126fda9df
252,4K,2:3,Landscape,1.9,2024,1352,2024,1352,true,3846,2569,3846,2569,true,55abbca3-4b0a-4838-b77b-1ec29cadfbd4
253,4K,2:3,Landscape,2.0,1920,1280,1920,1280,true,3840,2560,3840,2560,true,04634e59-e4d5-4fa4-9ba5-099dee3c3758
254,4K,2:3,Portrait,1.0,2560,3840,2560,3840,true,2560,3840,2560,3840,true,cde33a08-4dc9-4e5f-bfec-004b5ba75994
255,4K,2:3,Portrait,1.1,2328,3496,2328,3496,true,2561,3846,2561,3846,true,e873d268-540c-43d5-8d81-7ccdaafbc206
256,4K,2:3,Portrait,1.2,2136,3200,2136,3200,true,2563,3840,2563,3840,true,68c40a6e-e2c8-4342-a797-331ea263641e
257,4K,2:3,Portrait,1.3,1976,2960,1976,2960,true,2569,3848,2569,3848,true,2a4d6790-28aa-4b42-9950-6ee2fbd419f8
258,4K,2:3,Portrait,1.4,1832,2744,1832,2744,true,2565,3842,2565,3842,true,7e67e3e3-dacb-4ae9-bbf5-5b654a1beb62
259,4K,2:3,Portrait,1.5,1712,2560,1712,2560,true,2568,3840,2568,3840,true,2221e9fc-ad72-48c8-bd07-31cd32dff0c8
260,4K,2:3,Portrait,1.6,1600,2400,1600,2400,true,2560,3840,2560,3840,true,bbe65a4f-1b8a-4f13-afeb-1daaabd118b7
261,4K,2:3,Portrait,1.7,1512,2264,1512,2264,true,2570,3849,2570,3849,true,1ea0a5dc-3a57-4173-a66f-d79ec676fae0
262,4K,2:3,Portrait,1.8,1424,2136,1424,2136,true,2563,3845,2563,3845,true,12d7e224-23b1-4f1d-ab29-4c7d5058679e
263,4K,2:3,Portrait,1.9,1352,2024,1352,2024,true,2569,3846,2569,3846,true,f33fc848-4284-46be-bb74-a3832c114ab1
264,4K,2:3,Portrait,2.0,1280,1920,1280,1920,true,2560,3840,2560,3840,true,f6c11103-9850-4ef2-a9e7-78246ae5514e
265,4K,3:4,Landscape,1.0,3840,2880,3840,2880,true,3840,2880,3840,2880,true,d8f80fe6-d831-4e33-b91e-844ee28bfd04
266,4K,3:4,Landscape,1.1,3496,2624,3496,2624,true,3846,2886,3846,2886,true,d03cd34f-544c-43fe-a3f8-324b8f82fd60
267,4K,3:4,Landscape,1.2,3200,2400,3200,2400,true,3840,2880,3840,2880,true,a6f71cdc-21c0-4089-94d1-aaab76ea77d0
268,4K,3:4,Landscape,1.3,2960,2216,2960,2216,true,3848,2881,3848,2881,true,02d910de-ad0c-4e24-8663-2393429640d4
269,4K,3:4,Landscape,1.4,2744,2064,2744,2064,true,3842,2890,3842,2890,true,3e80e242-48ad-4eb7-abd0-443c2ea92be5
270,4K,3:4,Landscape,1.5,2560,1920,2560,1920,true,3840,2880,3840,2880,true,d1136399-67c8-4542-bb64-c27b3729be28
271,4K,3:4,Landscape,1.6,2400,1800,2400,1800,true,3840,2880,3840,2880,true,7745010d-2bb3-4ddc-adc7-81f704ae4399
272,4K,3:4,Landscape,1.7,2264,1696,2264,1696,true,3849,2883,3849,2883,true,d65d7c1c-75dd-4132-bb0e-2b8a6dfa3840
273,4K,3:4,Landscape,1.8,2136,1600,2136,1600,true,3845,2880,3845,2880,true,f466a49a-86cc-49b2-a0fa-c7e77848a739
274,4K,3:4,Landscape,1.9,2024,1520,2024,1520,true,3846,2888,3846,2888,true,16f23895-5e52-4187-8970-9caf564ecc5e
275,4K,3:4,Landscape,2.0,1920,1440,1920,1440,true,3840,2880,3840,2880,true,81ba274f-9881-4a94-9899-4e55464904a2
276,4K,3:4,Portrait,1.0,2880,3840,2880,3840,true,2880,3840,2880,3840,true,c41e1c4c-812b-4c2c-9935-72a6f9997b99
277,4K,3:4,Portrait,1.1,2624,3496,2624,3496,true,2886,3846,2886,3846,true,7c9fac31-7fc6-42f6-8e01-6ab9c50c14ac
278,4K,3:4,Portrait,1.2,2400,3200,2400,3200,true,2880,3840,2880,3840,true,4daa43e4-a5a9-45e2-a29f-9041dd5b5d26
279,4K,3:4,Portrait,1.3,2216,2960,2216,2960,true,2881,3848,2881,3848,true,d385cfec-6b6c-4d8f-93f2-0b9c3b1e0744
280,4K,3:4,Portrait,1.4,2064,2744,2064,2744,true,2890,3842,2890,3842,true,d9a42d40-63e5-470c-94f7-2d303417840e
281,4K,3:4,Portrait,1.5,1920,2560,1920,2560,true,2880,3840,2880,3840,true,37015743-8b5d-4aa1-9312-2e9f6ae25629
282,4K,3:4,Portrait,1.6,1800,2400,1800,2400,true,2880,3840,2880,3840,true,3bb25e1a-9bdd-4dff-979a-f5b9beaa5e40
283,4K,3:4,Portrait,1.7,1696,2264,1696,2264,true,2883,3849,2883,3849,true,3f2c6fd2-67a1-4507-a4a1-be369aec5cf4
284,4K,3:4,Portrait,1.8,1600,2136,1600,2136,true,2880,3845,2880,3845,true,d09de68c-cca5-4d08-92d2-8aa1c0daee22
285,4K,3:4,Portrait,1.9,1520,2024,1520,2024,true,2888,3846,2888,3846,true,84dfb82f-c424-47c8-aec0-4c2f6fff08e2
286,4K,3:4,Portrait,2.0,1440,1920,1440,1920,true,2880,3840,2880,3840,true,d8feaab4-67ee-45ba-9855-4cba3f8ae4e5
287,4K,16:9,Landscape,1.0,3840,2160,3840,2160,true,3840,2160,3840,2160,true,00705e0a-a26e-46ec-84d4-ce54d9ffc6ef
288,4K,16:9,Landscape,1.1,3496,1968,3496,1968,true,3846,2165,3846,2165,true,32e39b0b-6738-463f-a0c6-c4fa3e7797ed
289,4K,16:9,Landscape,1.2,3200,1800,3200,1800,true,3840,2160,3840,2160,true,74142b2c-5bee-4289-9522-7c83587c09e0
290,4K,16:9,Landscape,1.3,2960,1664,2960,1664,true,3848,2163,3848,2163,true,8e0a931f-bbce-41f4-9dfb-c65cac9489e3
291,4K,16:9,Landscape,1.4,2744,1544,2744,1544,true,3842,2162,3842,2162,true,34df269f-b1b2-41de-83a3-20e1dbce701a
292,4K,16:9,Landscape,1.5,2560,1440,2560,1440,true,3840,2160,3840,2160,true,d888bd20-1738-43e5-81da-fb85a08c56b5
293,4K,16:9,Landscape,1.6,2400,1352,2400,1352,true,3840,2163,3840,2163,true,43b5174d-4a44-47ce-804b-87dcd0288566
294,4K,16:9,Landscape,1.7,2264,1272,2264,1272,true,3849,2162,3849,2162,true,7c452168-933f-4a86-b27b-f74f82912c41
295,4K,16:9,Landscape,1.8,2136,1200,2136,1200,true,3845,2160,3845,2160,true,5185f36f-14a9-4d0f-be59-8a75f7c9ac6f
296,4K,16:9,Landscape,1.9,2024,1144,2024,1144,true,3846,2174,3846,2174,true,3aad308d-9977-494b-acf5-ce93c19ef50c
297,4K,16:9,Landscape,2.0,1920,1080,1920,1080,true,3840,2160,3840,2160,true,367401d1-c495-4cc8-8a86-94510022bd64
298,4K,16:9,Portrait,1.0,2160,3840,2160,3840,true,2160,3840,2160,3840,true,04bcb36e-e2b3-4179-9ff3-8acb52e7cd80
299,4K,16:9,Portrait,1.1,1968,3496,1968,3496,true,2165,3846,2165,3846,true,d40166ec-ad0b-4628-94ec-e233f54c09c2
300,4K,16:9,Portrait,1.2,1800,3200,1800,3200,true,2160,3840,2160,3840,true,ef6b177e-ea69-4fa1-8789-bbaa26ecc808
301,4K,16:9,Portrait,1.3,1664,2960,1664,2960,true,2163,3848,2163,3848,true,e3eca161-135b-4a0a-853d-1a03f0e801eb
302,4K,16:9,Portrait,1.4,1544,2744,1544,2744,true,2162,3842,2162,3842,true,54a09979-6c80-4014-8144-599ccbd1a5b2
303,4K,16:9,Portrait,1.5,1440,2560,1440,2560,true,2160,3840,2160,3840,true,dfbc068e-77a7-4d15-a8ad-74d2f9cccc93
304,4K,16:9,Portrait,1.6,1352,2400,1352,2400,true,2163,3840,2163,3840,true,a395d0c3-4274-4cac-9b75-0f86a6c222eb
305,4K,16:9,Portrait,1.7,1272,2264,1272,2264,true,2162,3849,2162,3849,true,38c60f7b-2c6b-4b83-994d-0cdcbbb5e049
306,4K,16:9,Portrait,1.8,1200,2136,1200,2136,true,2160,3845,2160,3845,true,6fd1a6f0-6675-4c97-b337-dcf7f31a4f47
307,4K,16:9,Portrait,1.9,1144,2024,1144,2024,true,2174,3846,2174,3846,true,9c6ff8ca-61fe-4533-9f33-1a2553c9aac5
308,4K,16:9,Portrait,2.0,1080,1920,1080,1920,true,2160,3840,2160,3840,true,c25009f1-d3ef-49b2-b8b6-a5f9e5f3b260
309,4K,21:9,Landscape,1.0,5120,2160,5120,2160,true,5120,2160,5120,2160,true,c5b94313-fb41-445a-b218-c1916037e300
310,4K,21:9,Landscape,1.1,4656,1968,4656,1968,true,5122,2165,5122,2165,true,b75321bb-86ca-4d98-bc45-6ff503cf9e92
311,4K,21:9,Landscape,1.2,4272,1800,4272,1800,true,5126,2160,5126,2160,true,060c5175-0910-48e2-89db-8a563e2dc995
312,4K,21:9,Landscape,1.3,3944,1664,3944,1664,true,5127,2163,5127,2163,true,e0964252-0fd2-40bd-bccf-f8d07a663776
313,4K,21:9,Landscape,1.4,3664,1544,3664,1544,true,5130,2162,5130,2162,true,094b57f9-2d68-4b27-b790-79839cc60aad
314,4K,21:9,Landscape,1.5,3416,1440,3416,1440,true,5124,2160,5124,2160,true,852bb4b0-1a5d-4362-9ee6-e314b1c10264
315,4K,21:9,Landscape,1.6,3200,1352,3200,1352,true,5120,2163,5120,2163,true,b034a78b-6fbb-4d6c-9c2c-54b27de8b72d
316,4K,21:9,Landscape,1.7,3016,1272,3016,1272,true,5127,2162,5127,2162,true,22893b0a-2ff0-4657-b28f-a77ef34353a3
317,4K,21:9,Landscape,1.8,2848,1200,2848,1200,true,5126,2160,5126,2160,true,96f1ae6a-b461-4dbe-abb3-262a2d1541f5
318,4K,21:9,Landscape,1.9,2696,1144,2696,1144,true,5122,2174,5122,2174,true,0c8af83a-f3ea-4b49-97b7-6d717476686f
319,4K,21:9,Landscape,2.0,2560,1080,2560,1080,true,5120,2160,5120,2160,true,ab4f808a-9473-4250-8c10-93465b300ed3
320,4K,21:9,Portrait,1.0,2160,5120,2160,5120,true,2160,5120,2160,5120,true,1390b77c-7b20-4b73-807d-c8a1c5d7c5aa
321,4K,21:9,Portrait,1.1,1968,4656,1968,4656,true,2165,5122,2165,5122,true,b337ba64-e422-4efc-94a5-cc9b84296ddb
322,4K,21:9,Portrait,1.2,1800,4272,1800,4272,true,2160,5126,2160,5126,true,c729d99f-6508-4e6a-ad45-f5263f1200f5
323,4K,21:9,Portrait,1.3,1664,3944,1664,3944,true,2163,5127,2163,5127,true,fa9679b7-b9f8-462d-8e0e-4223cd6c2cb3
324,4K,21:9,Portrait,1.4,1544,3664,1544,3664,true,2162,5130,2162,5130,true,6698a3d2-8e47-4cf0-b10c-0da0ce81bbce
325,4K,21:9,Portrait,1.5,1440,3416,1440,3416,true,2160,5124,2160,5124,true,0bc6e63c-a61c-4dba-a636-80800bcae37a
326,4K,21:9,Portrait,1.6,1352,3200,1352,3200,true,2163,5120,2163,5120,true,ec67ccd4-d493-4141-bc1f-2e0afe28f3fb
327,4K,21:9,Portrait,1.7,1272,3016,1272,3016,true,2162,5127,2162,5127,true,9df96121-430e-45e5-a6ce-cfe80cf80f0f
328,4K,21:9,Portrait,1.8,1200,2848,1200,2848,true,2160,5126,2160,5126,true,e6d8155a-be2d-4808-9924-e825c5e8d277
329,4K,21:9,Portrait,1.9,1144,2696,1144,2696,true,2174,5122,2174,5122,true,a5aa29fb-3a57-4d4e-bb37-4f93ed8a5041
330,4K,21:9,Portrait,2.0,1080,2560,1080,2560,true,2160,5120,2160,5120,true,11c20f5e-7884-4c43-ad98-ff2201f356a8
