resolution,aspect_ratio,orientation,scale,expected_target_width,expected_target_height,raw_width_after_scale,raw_height_after_scale,output_width,output_height,actual_target_width,actual_target_height,target_delta_width,target_delta_height,target_delta,rounded,rounded_axes,width_delta,height_delta
1K,1:1,Landscape,1.0,1024,1024,1024.000000,1024.000000,1024,1024,1024,1024,0,0,0,no,,0.000000,0.000000
1K,1:1,Landscape,1.1,1024,1024,930.909091,930.909091,928,928,1021,1021,-3,-3,"-3W, -3H",yes,width+height,-2.909091,-2.909091
1K,1:1,Landscape,1.2,1024,1024,853.333333,853.333333,848,848,1018,1018,-6,-6,"-6W, -6H",yes,width+height,-5.333333,-5.333333
1K,1:1,Landscape,1.3,1024,1024,787.692308,787.692308,784,784,1019,1019,-5,-5,"-5W, -5H",yes,width+height,-3.692308,-3.692308
1K,1:1,Landscape,1.4,1024,1024,731.428571,731.428571,736,736,1030,1030,6,6,"+6W, +6H",yes,width+height,4.571429,4.571429
1K,1:1,Landscape,1.5,1024,1024,682.666667,682.666667,688,688,1032,1032,8,8,"+8W, +8H",yes,width+height,5.333333,5.333333
1K,1:1,Landscape,1.6,1024,1024,640.000000,640.000000,640,640,1024,1024,0,0,0,no,,0.000000,0.000000
1K,1:1,Landscape,1.7,1024,1024,602.352941,602.352941,608,608,1034,1034,10,10,"+10W, +10H",yes,width+height,5.647059,5.647059
1K,1:1,Landscape,1.8,1024,1024,568.888889,568.888889,576,576,1037,1037,13,13,"+13W, +13H",yes,width+height,7.111111,7.111111
1K,1:1,Landscape,1.9,1024,1024,538.947368,538.947368,544,544,1034,1034,10,10,"+10W, +10H",yes,width+height,5.052632,5.052632
1K,1:1,Landscape,2.0,1024,1024,512.000000,512.000000,512,512,1024,1024,0,0,0,no,,0.000000,0.000000
1K,1:1,Portrait,1.0,1024,1024,1024.000000,1024.000000,1024,1024,1024,1024,0,0,0,no,,0.000000,0.000000
1K,1:1,Portrait,1.1,1024,1024,930.909091,930.909091,928,928,1021,1021,-3,-3,"-3W, -3H",yes,width+height,-2.909091,-2.909091
1K,1:1,Portrait,1.2,1024,1024,853.333333,853.333333,848,848,1018,1018,-6,-6,"-6W, -6H",yes,width+height,-5.333333,-5.333333
1K,1:1,Portrait,1.3,1024,1024,787.692308,787.692308,784,784,1019,1019,-5,-5,"-5W, -5H",yes,width+height,-3.692308,-3.692308
1K,1:1,Portrait,1.4,1024,1024,731.428571,731.428571,736,736,1030,1030,6,6,"+6W, +6H",yes,width+height,4.571429,4.571429
1K,1:1,Portrait,1.5,1024,1024,682.666667,682.666667,688,688,1032,1032,8,8,"+8W, +8H",yes,width+height,5.333333,5.333333
1K,1:1,Portrait,1.6,1024,1024,640.000000,640.000000,640,640,1024,1024,0,0,0,no,,0.000000,0.000000
1K,1:1,Portrait,1.7,1024,1024,602.352941,602.352941,608,608,1034,1034,10,10,"+10W, +10H",yes,width+height,5.647059,5.647059
1K,1:1,Portrait,1.8,1024,1024,568.888889,568.888889,576,576,1037,1037,13,13,"+13W, +13H",yes,width+height,7.111111,7.111111
1K,1:1,Portrait,1.9,1024,1024,538.947368,538.947368,544,544,1034,1034,10,10,"+10W, +10H",yes,width+height,5.052632,5.052632
1K,1:1,Portrait,2.0,1024,1024,512.000000,512.000000,512,512,1024,1024,0,0,0,no,,0.000000,0.000000
1K,2:3,Landscape,1.0,1920,1280,1920.000000,1280.000000,1920,1280,1920,1280,0,0,0,no,,0.000000,0.000000
1K,2:3,Landscape,1.1,1920,1280,1745.454545,1163.636364,1744,1168,1918,1285,-2,5,"-2W, +5H",yes,width+height,-1.454545,4.363636
1K,2:3,Landscape,1.2,1920,1280,1600.000000,1066.666667,1600,1072,1920,1286,0,6,+6H,yes,height,0.000000,5.333333
1K,2:3,Landscape,1.3,1920,1280,1476.923077,984.615385,1472,992,1914,1290,-6,10,"-6W, +10H",yes,width+height,-4.923077,7.384615
1K,2:3,Landscape,1.4,1920,1280,1371.428571,914.285714,1376,912,1926,1277,6,-3,"+6W, -3H",yes,width+height,4.571429,-2.285714
1K,2:3,Landscape,1.5,1920,1280,1280.000000,853.333333,1280,848,1920,1272,0,-8,-8H,yes,height,0.000000,-5.333333
1K,2:3,Landscape,1.6,1920,1280,1200.000000,800.000000,1200,800,1920,1280,0,0,0,no,,0.000000,0.000000
1K,2:3,Landscape,1.7,1920,1280,1129.411765,752.941176,1136,752,1931,1278,11,-2,"+11W, -2H",yes,width+height,6.588235,-0.941176
1K,2:3,Landscape,1.8,1920,1280,1066.666667,711.111111,1072,704,1930,1267,10,-13,"+10W, -13H",yes,width+height,5.333333,-7.111111
1K,2:3,Landscape,1.9,1920,1280,1010.526316,673.684211,1008,672,1915,1277,-5,-3,"-5W, -3H",yes,width+height,-2.526316,-1.684211
1K,2:3,Landscape,2.0,1920,1280,960.000000,640.000000,960,640,1920,1280,0,0,0,no,,0.000000,0.000000
1K,2:3,Portrait,1.0,1280,1920,1280.000000,1920.000000,1280,1920,1280,1920,0,0,0,no,,0.000000,0.000000
1K,2:3,Portrait,1.1,1280,1920,1163.636364,1745.454545,1168,1744,1285,1918,5,-2,"+5W, -2H",yes,width+height,4.363636,-1.454545
1K,2:3,Portrait,1.2,1280,1920,1066.666667,1600.000000,1072,1600,1286,1920,6,0,+6W,yes,width,5.333333,0.000000
1K,2:3,Portrait,1.3,1280,1920,984.615385,1476.923077,992,1472,1290,1914,10,-6,"+10W, -6H",yes,width+height,7.384615,-4.923077
1K,2:3,Portrait,1.4,1280,1920,914.285714,1371.428571,912,1376,1277,1926,-3,6,"-3W, +6H",yes,width+height,-2.285714,4.571429
1K,2:3,Portrait,1.5,1280,1920,853.333333,1280.000000,848,1280,1272,1920,-8,0,-8W,yes,width,-5.333333,0.000000
1K,2:3,Portrait,1.6,1280,1920,800.000000,1200.000000,800,1200,1280,1920,0,0,0,no,,0.000000,0.000000
1K,2:3,Portrait,1.7,1280,1920,752.941176,1129.411765,752,1136,1278,1931,-2,11,"-2W, +11H",yes,width+height,-0.941176,6.588235
1K,2:3,Portrait,1.8,1280,1920,711.111111,1066.666667,704,1072,1267,1930,-13,10,"-13W, +10H",yes,width+height,-7.111111,5.333333
1K,2:3,Portrait,1.9,1280,1920,673.684211,1010.526316,672,1008,1277,1915,-3,-5,"-3W, -5H",yes,width+height,-1.684211,-2.526316
1K,2:3,Portrait,2.0,1280,1920,640.000000,960.000000,640,960,1280,1920,0,0,0,no,,0.000000,0.000000
1K,3:4,Landscape,1.0,1920,1440,1920.000000,1440.000000,1920,1440,1920,1440,0,0,0,no,,0.000000,0.000000
1K,3:4,Landscape,1.1,1920,1440,1745.454545,1309.090909,1744,1312,1918,1443,-2,3,"-2W, +3H",yes,width+height,-1.454545,2.909091
1K,3:4,Landscape,1.2,1920,1440,1600.000000,1200.000000,1600,1200,1920,1440,0,0,0,no,,0.000000,0.000000
1K,3:4,Landscape,1.3,1920,1440,1476.923077,1107.692308,1472,1104,1914,1435,-6,-5,"-6W, -5H",yes,width+height,-4.923077,-3.692308
1K,3:4,Landscape,1.4,1920,1440,1371.428571,1028.571429,1376,1024,1926,1434,6,-6,"+6W, -6H",yes,width+height,4.571429,-4.571429
1K,3:4,Landscape,1.5,1920,1440,1280.000000,960.000000,1280,960,1920,1440,0,0,0,no,,0.000000,0.000000
1K,3:4,Landscape,1.6,1920,1440,1200.000000,900.000000,1200,896,1920,1434,0,-6,-6H,yes,height,0.000000,-4.000000
1K,3:4,Landscape,1.7,1920,1440,1129.411765,847.058824,1136,848,1931,1442,11,2,"+11W, +2H",yes,width+height,6.588235,0.941176
1K,3:4,Landscape,1.8,1920,1440,1066.666667,800.000000,1072,800,1930,1440,10,0,+10W,yes,width,5.333333,0.000000
1K,3:4,Landscape,1.9,1920,1440,1010.526316,757.894737,1008,752,1915,1429,-5,-11,"-5W, -11H",yes,width+height,-2.526316,-5.894737
1K,3:4,Landscape,2.0,1920,1440,960.000000,720.000000,960,720,1920,1440,0,0,0,no,,0.000000,0.000000
1K,3:4,Portrait,1.0,1440,1920,1440.000000,1920.000000,1440,1920,1440,1920,0,0,0,no,,0.000000,0.000000
1K,3:4,Portrait,1.1,1440,1920,1309.090909,1745.454545,1312,1744,1443,1918,3,-2,"+3W, -2H",yes,width+height,2.909091,-1.454545
1K,3:4,Portrait,1.2,1440,1920,1200.000000,1600.000000,1200,1600,1440,1920,0,0,0,no,,0.000000,0.000000
1K,3:4,Portrait,1.3,1440,1920,1107.692308,1476.923077,1104,1472,1435,1914,-5,-6,"-5W, -6H",yes,width+height,-3.692308,-4.923077
1K,3:4,Portrait,1.4,1440,1920,1028.571429,1371.428571,1024,1376,1434,1926,-6,6,"-6W, +6H",yes,width+height,-4.571429,4.571429
1K,3:4,Portrait,1.5,1440,1920,960.000000,1280.000000,960,1280,1440,1920,0,0,0,no,,0.000000,0.000000
1K,3:4,Portrait,1.6,1440,1920,900.000000,1200.000000,896,1200,1434,1920,-6,0,-6W,yes,width,-4.000000,0.000000
1K,3:4,Portrait,1.7,1440,1920,847.058824,1129.411765,848,1136,1442,1931,2,11,"+2W, +11H",yes,width+height,0.941176,6.588235
1K,3:4,Portrait,1.8,1440,1920,800.000000,1066.666667,800,1072,1440,1930,0,10,+10H,yes,height,0.000000,5.333333
1K,3:4,Portrait,1.9,1440,1920,757.894737,1010.526316,752,1008,1429,1915,-11,-5,"-11W, -5H",yes,width+height,-5.894737,-2.526316
1K,3:4,Portrait,2.0,1440,1920,720.000000,960.000000,720,960,1440,1920,0,0,0,no,,0.000000,0.000000
1K,16:9,Landscape,1.0,1920,1080,1920.000000,1080.000000,1920,1088,1920,1088,0,8,+8H,yes,height,0.000000,8.000000
1K,16:9,Landscape,1.1,1920,1080,1745.454545,981.818182,1744,976,1918,1074,-2,-6,"-2W, -6H",yes,width+height,-1.454545,-5.818182
1K,16:9,Landscape,1.2,1920,1080,1600.000000,900.000000,1600,896,1920,1075,0,-5,-5H,yes,height,0.000000,-4.000000
1K,16:9,Landscape,1.3,1920,1080,1476.923077,830.769231,1472,832,1914,1082,-6,2,"-6W, +2H",yes,width+height,-4.923077,1.230769
1K,16:9,Landscape,1.4,1920,1080,1371.428571,771.428571,1376,768,1926,1075,6,-5,"+6W, -5H",yes,width+height,4.571429,-3.428571
1K,16:9,Landscape,1.5,1920,1080,1280.000000,720.000000,1280,720,1920,1080,0,0,0,no,,0.000000,0.000000
1K,16:9,Landscape,1.6,1920,1080,1200.000000,675.000000,1200,672,1920,1075,0,-5,-5H,yes,height,0.000000,-3.000000
1K,16:9,Landscape,1.7,1920,1080,1129.411765,635.294118,1136,640,1931,1088,11,8,"+11W, +8H",yes,width+height,6.588235,4.705882
1K,16:9,Landscape,1.8,1920,1080,1066.666667,600.000000,1072,608,1930,1094,10,14,"+10W, +14H",yes,width+height,5.333333,8.000000
1K,16:9,Landscape,1.9,1920,1080,1010.526316,568.421053,1008,576,1915,1094,-5,14,"-5W, +14H",yes,width+height,-2.526316,7.578947
1K,16:9,Landscape,2.0,1920,1080,960.000000,540.000000,960,544,1920,1088,0,8,+8H,yes,height,0.000000,4.000000
1K,16:9,Portrait,1.0,1080,1920,1080.000000,1920.000000,1088,1920,1088,1920,8,0,+8W,yes,width,8.000000,0.000000
1K,16:9,Portrait,1.1,1080,1920,981.818182,1745.454545,976,1744,1074,1918,-6,-2,"-6W, -2H",yes,width+height,-5.818182,-1.454545
1K,16:9,Portrait,1.2,1080,1920,900.000000,1600.000000,896,1600,1075,1920,-5,0,-5W,yes,width,-4.000000,0.000000
1K,16:9,Portrait,1.3,1080,1920,830.769231,1476.923077,832,1472,1082,1914,2,-6,"+2W, -6H",yes,width+height,1.230769,-4.923077
1K,16:9,Portrait,1.4,1080,1920,771.428571,1371.428571,768,1376,1075,1926,-5,6,"-5W, +6H",yes,width+height,-3.428571,4.571429
1K,16:9,Portrait,1.5,1080,1920,720.000000,1280.000000,720,1280,1080,1920,0,0,0,no,,0.000000,0.000000
1K,16:9,Portrait,1.6,1080,1920,675.000000,1200.000000,672,1200,1075,1920,-5,0,-5W,yes,width,-3.000000,0.000000
1K,16:9,Portrait,1.7,1080,1920,635.294118,1129.411765,640,1136,1088,1931,8,11,"+8W, +11H",yes,width+height,4.705882,6.588235
1K,16:9,Portrait,1.8,1080,1920,600.000000,1066.666667,608,1072,1094,1930,14,10,"+14W, +10H",yes,width+height,8.000000,5.333333
1K,16:9,Portrait,1.9,1080,1920,568.421053,1010.526316,576,1008,1094,1915,14,-5,"+14W, -5H",yes,width+height,7.578947,-2.526316
1K,16:9,Portrait,2.0,1080,1920,540.000000,960.000000,544,960,1088,1920,8,0,+8W,yes,width,4.000000,0.000000
1K,21:9,Landscape,1.0,2560,1088,2560.000000,1088.000000,2560,1088,2560,1088,0,0,0,no,,0.000000,0.000000
1K,21:9,Landscape,1.1,2560,1088,2327.272727,989.090909,2320,992,2552,1091,-8,3,"-8W, +3H",yes,width+height,-7.272727,2.909091
1K,21:9,Landscape,1.2,2560,1088,2133.333333,906.666667,2128,912,2554,1094,-6,6,"-6W, +6H",yes,width+height,-5.333333,5.333333
1K,21:9,Landscape,1.3,2560,1088,1969.230769,836.923077,1968,832,2558,1082,-2,-6,"-2W, -6H",yes,width+height,-1.230769,-4.923077
1K,21:9,Landscape,1.4,2560,1088,1828.571429,777.142857,1824,784,2554,1098,-6,10,"-6W, +10H",yes,width+height,-4.571429,6.857143
1K,21:9,Landscape,1.5,2560,1088,1706.666667,725.333333,1712,720,2568,1080,8,-8,"+8W, -8H",yes,width+height,5.333333,-5.333333
1K,21:9,Landscape,1.6,2560,1088,1600.000000,680.000000,1600,672,2560,1075,0,-13,-13H,yes,height,0.000000,-8.000000
1K,21:9,Landscape,1.7,2560,1088,1505.882353,640.000000,1504,640,2557,1088,-3,0,-3W,yes,width,-1.882353,0.000000
1K,21:9,Landscape,1.8,2560,1088,1422.222222,604.444444,1424,608,2563,1094,3,6,"+3W, +6H",yes,width+height,1.777778,3.555556
1K,21:9,Landscape,1.9,2560,1088,1347.368421,572.631579,1344,576,2554,1094,-6,6,"-6W, +6H",yes,width+height,-3.368421,3.368421
1K,21:9,Landscape,2.0,2560,1088,1280.000000,544.000000,1280,544,2560,1088,0,0,0,no,,0.000000,0.000000
1K,21:9,Portrait,1.0,1088,2560,1088.000000,2560.000000,1088,2560,1088,2560,0,0,0,no,,0.000000,0.000000
1K,21:9,Portrait,1.1,1088,2560,989.090909,2327.272727,992,2320,1091,2552,3,-8,"+3W, -8H",yes,width+height,2.909091,-7.272727
1K,21:9,Portrait,1.2,1088,2560,906.666667,2133.333333,912,2128,1094,2554,6,-6,"+6W, -6H",yes,width+height,5.333333,-5.333333
1K,21:9,Portrait,1.3,1088,2560,836.923077,1969.230769,832,1968,1082,2558,-6,-2,"-6W, -2H",yes,width+height,-4.923077,-1.230769
1K,21:9,Portrait,1.4,1088,2560,777.142857,1828.571429,784,1824,1098,2554,10,-6,"+10W, -6H",yes,width+height,6.857143,-4.571429
1K,21:9,Portrait,1.5,1088,2560,725.333333,1706.666667,720,1712,1080,2568,-8,8,"-8W, +8H",yes,width+height,-5.333333,5.333333
1K,21:9,Portrait,1.6,1088,2560,680.000000,1600.000000,672,1600,1075,2560,-13,0,-13W,yes,width,-8.000000,0.000000
1K,21:9,Portrait,1.7,1088,2560,640.000000,1505.882353,640,1504,1088,2557,0,-3,-3H,yes,height,0.000000,-1.882353
1K,21:9,Portrait,1.8,1088,2560,604.444444,1422.222222,608,1424,1094,2563,6,3,"+6W, +3H",yes,width+height,3.555556,1.777778
1K,21:9,Portrait,1.9,1088,2560,572.631579,1347.368421,576,1344,1094,2554,6,-6,"+6W, -6H",yes,width+height,3.368421,-3.368421
1K,21:9,Portrait,2.0,1088,2560,544.000000,1280.000000,544,1280,1088,2560,0,0,0,no,,0.000000,0.000000
2K,1:1,Landscape,1.0,2048,2048,2048.000000,2048.000000,2048,2048,2048,2048,0,0,0,no,,0.000000,0.000000
2K,1:1,Landscape,1.1,2048,2048,1861.818182,1861.818182,1856,1856,2042,2042,-6,-6,"-6W, -6H",yes,width+height,-5.818182,-5.818182
2K,1:1,Landscape,1.2,2048,2048,1706.666667,1706.666667,1712,1712,2054,2054,6,6,"+6W, +6H",yes,width+height,5.333333,5.333333
2K,1:1,Landscape,1.3,2048,2048,1575.384615,1575.384615,1568,1568,2038,2038,-10,-10,"-10W, -10H",yes,width+height,-7.384615,-7.384615
2K,1:1,Landscape,1.4,2048,2048,1462.857143,1462.857143,1456,1456,2038,2038,-10,-10,"-10W, -10H",yes,width+height,-6.857143,-6.857143
2K,1:1,Landscape,1.5,2048,2048,1365.333333,1365.333333,1360,1360,2040,2040,-8,-8,"-8W, -8H",yes,width+height,-5.333333,-5.333333
2K,1:1,Landscape,1.6,2048,2048,1280.000000,1280.000000,1280,1280,2048,2048,0,0,0,no,,0.000000,0.000000
2K,1:1,Landscape,1.7,2048,2048,1204.705882,1204.705882,1200,1200,2040,2040,-8,-8,"-8W, -8H",yes,width+height,-4.705882,-4.705882
2K,1:1,Landscape,1.8,2048,2048,1137.777778,1137.777778,1136,1136,2045,2045,-3,-3,"-3W, -3H",yes,width+height,-1.777778,-1.777778
2K,1:1,Landscape,1.9,2048,2048,1077.894737,1077.894737,1072,1072,2037,2037,-11,-11,"-11W, -11H",yes,width+height,-5.894737,-5.894737
2K,1:1,Landscape,2.0,2048,2048,1024.000000,1024.000000,1024,1024,2048,2048,0,0,0,no,,0.000000,0.000000
2K,1:1,Portrait,1.0,2048,2048,2048.000000,2048.000000,2048,2048,2048,2048,0,0,0,no,,0.000000,0.000000
2K,1:1,Portrait,1.1,2048,2048,1861.818182,1861.818182,1856,1856,2042,2042,-6,-6,"-6W, -6H",yes,width+height,-5.818182,-5.818182
2K,1:1,Portrait,1.2,2048,2048,1706.666667,1706.666667,1712,1712,2054,2054,6,6,"+6W, +6H",yes,width+height,5.333333,5.333333
2K,1:1,Portrait,1.3,2048,2048,1575.384615,1575.384615,1568,1568,2038,2038,-10,-10,"-10W, -10H",yes,width+height,-7.384615,-7.384615
2K,1:1,Portrait,1.4,2048,2048,1462.857143,1462.857143,1456,1456,2038,2038,-10,-10,"-10W, -10H",yes,width+height,-6.857143,-6.857143
2K,1:1,Portrait,1.5,2048,2048,1365.333333,1365.333333,1360,1360,2040,2040,-8,-8,"-8W, -8H",yes,width+height,-5.333333,-5.333333
2K,1:1,Portrait,1.6,2048,2048,1280.000000,1280.000000,1280,1280,2048,2048,0,0,0,no,,0.000000,0.000000
2K,1:1,Portrait,1.7,2048,2048,1204.705882,1204.705882,1200,1200,2040,2040,-8,-8,"-8W, -8H",yes,width+height,-4.705882,-4.705882
2K,1:1,Portrait,1.8,2048,2048,1137.777778,1137.777778,1136,1136,2045,2045,-3,-3,"-3W, -3H",yes,width+height,-1.777778,-1.777778
2K,1:1,Portrait,1.9,2048,2048,1077.894737,1077.894737,1072,1072,2037,2037,-11,-11,"-11W, -11H",yes,width+height,-5.894737,-5.894737
2K,1:1,Portrait,2.0,2048,2048,1024.000000,1024.000000,1024,1024,2048,2048,0,0,0,no,,0.000000,0.000000
2K,2:3,Landscape,1.0,2560,1712,2560.000000,1712.000000,2560,1712,2560,1712,0,0,0,no,,0.000000,0.000000
2K,2:3,Landscape,1.1,2560,1712,2327.272727,1556.363636,2320,1552,2552,1707,-8,-5,"-8W, -5H",yes,width+height,-7.272727,-4.363636
2K,2:3,Landscape,1.2,2560,1712,2133.333333,1426.666667,2128,1424,2554,1709,-6,-3,"-6W, -3H",yes,width+height,-5.333333,-2.666667
2K,2:3,Landscape,1.3,2560,1712,1969.230769,1316.923077,1968,1312,2558,1706,-2,-6,"-2W, -6H",yes,width+height,-1.230769,-4.923077
2K,2:3,Landscape,1.4,2560,1712,1828.571429,1222.857143,1824,1216,2554,1702,-6,-10,"-6W, -10H",yes,width+height,-4.571429,-6.857143
2K,2:3,Landscape,1.5,2560,1712,1706.666667,1141.333333,1712,1136,2568,1704,8,-8,"+8W, -8H",yes,width+height,5.333333,-5.333333
2K,2:3,Landscape,1.6,2560,1712,1600.000000,1070.000000,1600,1072,2560,1715,0,3,+3H,yes,height,0.000000,2.000000
2K,2:3,Landscape,1.7,2560,1712,1505.882353,1007.058824,1504,1008,2557,1714,-3,2,"-3W, +2H",yes,width+height,-1.882353,0.941176
2K,2:3,Landscape,1.8,2560,1712,1422.222222,951.111111,1424,944,2563,1699,3,-13,"+3W, -13H",yes,width+height,1.777778,-7.111111
2K,2:3,Landscape,1.9,2560,1712,1347.368421,901.052632,1344,896,2554,1702,-6,-10,"-6W, -10H",yes,width+height,-3.368421,-5.052632
2K,2:3,Landscape,2.0,2560,1712,1280.000000,856.000000,1280,864,2560,1728,0,16,+16H,yes,height,0.000000,8.000000
2K,2:3,Portrait,1.0,1712,2560,1712.000000,2560.000000,1712,2560,1712,2560,0,0,0,no,,0.000000,0.000000
2K,2:3,Portrait,1.1,1712,2560,1556.363636,2327.272727,1552,2320,1707,2552,-5,-8,"-5W, -8H",yes,width+height,-4.363636,-7.272727
2K,2:3,Portrait,1.2,1712,2560,1426.666667,2133.333333,1424,2128,1709,2554,-3,-6,"-3W, -6H",yes,width+height,-2.666667,-5.333333
2K,2:3,Portrait,1.3,1712,2560,1316.923077,1969.230769,1312,1968,1706,2558,-6,-2,"-6W, -2H",yes,width+height,-4.923077,-1.230769
2K,2:3,Portrait,1.4,1712,2560,1222.857143,1828.571429,1216,1824,1702,2554,-10,-6,"-10W, -6H",yes,width+height,-6.857143,-4.571429
2K,2:3,Portrait,1.5,1712,2560,1141.333333,1706.666667,1136,1712,1704,2568,-8,8,"-8W, +8H",yes,width+height,-5.333333,5.333333
2K,2:3,Portrait,1.6,1712,2560,1070.000000,1600.000000,1072,1600,1715,2560,3,0,+3W,yes,width,2.000000,0.000000
2K,2:3,Portrait,1.7,1712,2560,1007.058824,1505.882353,1008,1504,1714,2557,2,-3,"+2W, -3H",yes,width+height,0.941176,-1.882353
2K,2:3,Portrait,1.8,1712,2560,951.111111,1422.222222,944,1424,1699,2563,-13,3,"-13W, +3H",yes,width+height,-7.111111,1.777778
2K,2:3,Portrait,1.9,1712,2560,901.052632,1347.368421,896,1344,1702,2554,-10,-6,"-10W, -6H",yes,width+height,-5.052632,-3.368421
2K,2:3,Portrait,2.0,1712,2560,856.000000,1280.000000,864,1280,1728,2560,16,0,+16W,yes,width,8.000000,0.000000
2K,3:4,Landscape,1.0,2560,1920,2560.000000,1920.000000,2560,1920,2560,1920,0,0,0,no,,0.000000,0.000000
2K,3:4,Landscape,1.1,2560,1920,2327.272727,1745.454545,2320,1744,2552,1918,-8,-2,"-8W, -2H",yes,width+height,-7.272727,-1.454545
2K,3:4,Landscape,1.2,2560,1920,2133.333333,1600.000000,2128,1600,2554,1920,-6,0,-6W,yes,width,-5.333333,0.000000
2K,3:4,Landscape,1.3,2560,1920,1969.230769,1476.923077,1968,1472,2558,1914,-2,-6,"-2W, -6H",yes,width+height,-1.230769,-4.923077
2K,3:4,Landscape,1.4,2560,1920,1828.571429,1371.428571,1824,1376,2554,1926,-6,6,"-6W, +6H",yes,width+height,-4.571429,4.571429
2K,3:4,Landscape,1.5,2560,1920,1706.666667,1280.000000,1712,1280,2568,1920,8,0,+8W,yes,width,5.333333,0.000000
2K,3:4,Landscape,1.6,2560,1920,1600.000000,1200.000000,1600,1200,2560,1920,0,0,0,no,,0.000000,0.000000
2K,3:4,Landscape,1.7,2560,1920,1505.882353,1129.411765,1504,1136,2557,1931,-3,11,"-3W, +11H",yes,width+height,-1.882353,6.588235
2K,3:4,Landscape,1.8,2560,1920,1422.222222,1066.666667,1424,1072,2563,1930,3,10,"+3W, +10H",yes,width+height,1.777778,5.333333
2K,3:4,Landscape,1.9,2560,1920,1347.368421,1010.526316,1344,1008,2554,1915,-6,-5,"-6W, -5H",yes,width+height,-3.368421,-2.526316
2K,3:4,Landscape,2.0,2560,1920,1280.000000,960.000000,1280,960,2560,1920,0,0,0,no,,0.000000,0.000000
2K,3:4,Portrait,1.0,1920,2560,1920.000000,2560.000000,1920,2560,1920,2560,0,0,0,no,,0.000000,0.000000
2K,3:4,Portrait,1.1,1920,2560,1745.454545,2327.272727,1744,2320,1918,2552,-2,-8,"-2W, -8H",yes,width+height,-1.454545,-7.272727
2K,3:4,Portrait,1.2,1920,2560,1600.000000,2133.333333,1600,2128,1920,2554,0,-6,-6H,yes,height,0.000000,-5.333333
2K,3:4,Portrait,1.3,1920,2560,1476.923077,1969.230769,1472,1968,1914,2558,-6,-2,"-6W, -2H",yes,width+height,-4.923077,-1.230769
2K,3:4,Portrait,1.4,1920,2560,1371.428571,1828.571429,1376,1824,1926,2554,6,-6,"+6W, -6H",yes,width+height,4.571429,-4.571429
2K,3:4,Portrait,1.5,1920,2560,1280.000000,1706.666667,1280,1712,1920,2568,0,8,+8H,yes,height,0.000000,5.333333
2K,3:4,Portrait,1.6,1920,2560,1200.000000,1600.000000,1200,1600,1920,2560,0,0,0,no,,0.000000,0.000000
2K,3:4,Portrait,1.7,1920,2560,1129.411765,1505.882353,1136,1504,1931,2557,11,-3,"+11W, -3H",yes,width+height,6.588235,-1.882353
2K,3:4,Portrait,1.8,1920,2560,1066.666667,1422.222222,1072,1424,1930,2563,10,3,"+10W, +3H",yes,width+height,5.333333,1.777778
2K,3:4,Portrait,1.9,1920,2560,1010.526316,1347.368421,1008,1344,1915,2554,-5,-6,"-5W, -6H",yes,width+height,-2.526316,-3.368421
2K,3:4,Portrait,2.0,1920,2560,960.000000,1280.000000,960,1280,1920,2560,0,0,0,no,,0.000000,0.000000
2K,16:9,Landscape,1.0,2560,1440,2560.000000,1440.000000,2560,1440,2560,1440,0,0,0,no,,0.000000,0.000000
2K,16:9,Landscape,1.1,2560,1440,2327.272727,1309.090909,2320,1312,2552,1443,-8,3,"-8W, +3H",yes,width+height,-7.272727,2.909091
2K,16:9,Landscape,1.2,2560,1440,2133.333333,1200.000000,2128,1200,2554,1440,-6,0,-6W,yes,width,-5.333333,0.000000
2K,16:9,Landscape,1.3,2560,1440,1969.230769,1107.692308,1968,1104,2558,1435,-2,-5,"-2W, -5H",yes,width+height,-1.230769,-3.692308
2K,16:9,Landscape,1.4,2560,1440,1828.571429,1028.571429,1824,1024,2554,1434,-6,-6,"-6W, -6H",yes,width+height,-4.571429,-4.571429
2K,16:9,Landscape,1.5,2560,1440,1706.666667,960.000000,1712,960,2568,1440,8,0,+8W,yes,width,5.333333,0.000000
2K,16:9,Landscape,1.6,2560,1440,1600.000000,900.000000,1600,896,2560,1434,0,-6,-6H,yes,height,0.000000,-4.000000
2K,16:9,Landscape,1.7,2560,1440,1505.882353,847.058824,1504,848,2557,1442,-3,2,"-3W, +2H",yes,width+height,-1.882353,0.941176
2K,16:9,Landscape,1.8,2560,1440,1422.222222,800.000000,1424,800,2563,1440,3,0,+3W,yes,width,1.777778,0.000000
2K,16:9,Landscape,1.9,2560,1440,1347.368421,757.894737,1344,752,2554,1429,-6,-11,"-6W, -11H",yes,width+height,-3.368421,-5.894737
2K,16:9,Landscape,2.0,2560,1440,1280.000000,720.000000,1280,720,2560,1440,0,0,0,no,,0.000000,0.000000
2K,16:9,Portrait,1.0,1440,2560,1440.000000,2560.000000,1440,2560,1440,2560,0,0,0,no,,0.000000,0.000000
2K,16:9,Portrait,1.1,1440,2560,1309.090909,2327.272727,1312,2320,1443,2552,3,-8,"+3W, -8H",yes,width+height,2.909091,-7.272727
2K,16:9,Portrait,1.2,1440,2560,1200.000000,2133.333333,1200,2128,1440,2554,0,-6,-6H,yes,height,0.000000,-5.333333
2K,16:9,Portrait,1.3,1440,2560,1107.692308,1969.230769,1104,1968,1435,2558,-5,-2,"-5W, -2H",yes,width+height,-3.692308,-1.230769
2K,16:9,Portrait,1.4,1440,2560,1028.571429,1828.571429,1024,1824,1434,2554,-6,-6,"-6W, -6H",yes,width+height,-4.571429,-4.571429
2K,16:9,Portrait,1.5,1440,2560,960.000000,1706.666667,960,1712,1440,2568,0,8,+8H,yes,height,0.000000,5.333333
2K,16:9,Portrait,1.6,1440,2560,900.000000,1600.000000,896,1600,1434,2560,-6,0,-6W,yes,width,-4.000000,0.000000
2K,16:9,Portrait,1.7,1440,2560,847.058824,1505.882353,848,1504,1442,2557,2,-3,"+2W, -3H",yes,width+height,0.941176,-1.882353
2K,16:9,Portrait,1.8,1440,2560,800.000000,1422.222222,800,1424,1440,2563,0,3,+3H,yes,height,0.000000,1.777778
2K,16:9,Portrait,1.9,1440,2560,757.894737,1347.368421,752,1344,1429,2554,-11,-6,"-11W, -6H",yes,width+height,-5.894737,-3.368421
2K,16:9,Portrait,2.0,1440,2560,720.000000,1280.000000,720,1280,1440,2560,0,0,0,no,,0.000000,0.000000
2K,21:9,Landscape,1.0,3440,1440,3440.000000,1440.000000,3440,1440,3440,1440,0,0,0,no,,0.000000,0.000000
2K,21:9,Landscape,1.1,3440,1440,3127.272727,1309.090909,3120,1312,3432,1443,-8,3,"-8W, +3H",yes,width+height,-7.272727,2.909091
2K,21:9,Landscape,1.2,3440,1440,2866.666667,1200.000000,2864,1200,3437,1440,-3,0,-3W,yes,width,-2.666667,0.000000
2K,21:9,Landscape,1.3,3440,1440,2646.153846,1107.692308,2640,1104,3432,1435,-8,-5,"-8W, -5H",yes,width+height,-6.153846,-3.692308
2K,21:9,Landscape,1.4,3440,1440,2457.142857,1028.571429,2464,1024,3450,1434,10,-6,"+10W, -6H",yes,width+height,6.857143,-4.571429
2K,21:9,Landscape,1.5,3440,1440,2293.333333,960.000000,2288,960,3432,1440,-8,0,-8W,yes,width,-5.333333,0.000000
2K,21:9,Landscape,1.6,3440,1440,2150.000000,900.000000,2144,896,3430,1434,-10,-6,"-10W, -6H",yes,width+height,-6.000000,-4.000000
2K,21:9,Landscape,1.7,3440,1440,2023.529412,847.058824,2016,848,3427,1442,-13,2,"-13W, +2H",yes,width+height,-7.529412,0.941176
2K,21:9,Landscape,1.8,3440,1440,1911.111111,800.000000,1904,800,3427,1440,-13,0,-13W,yes,width,-7.111111,0.000000
2K,21:9,Landscape,1.9,3440,1440,1810.526316,757.894737,1808,752,3435,1429,-5,-11,"-5W, -11H",yes,width+height,-2.526316,-5.894737
2K,21:9,Landscape,2.0,3440,1440,1720.000000,720.000000,1728,720,3456,1440,16,0,+16W,yes,width,8.000000,0.000000
2K,21:9,Portrait,1.0,1440,3440,1440.000000,3440.000000,1440,3440,1440,3440,0,0,0,no,,0.000000,0.000000
2K,21:9,Portrait,1.1,1440,3440,1309.090909,3127.272727,1312,3120,1443,3432,3,-8,"+3W, -8H",yes,width+height,2.909091,-7.272727
2K,21:9,Portrait,1.2,1440,3440,1200.000000,2866.666667,1200,2864,1440,3437,0,-3,-3H,yes,height,0.000000,-2.666667
2K,21:9,Portrait,1.3,1440,3440,1107.692308,2646.153846,1104,2640,1435,3432,-5,-8,"-5W, -8H",yes,width+height,-3.692308,-6.153846
2K,21:9,Portrait,1.4,1440,3440,1028.571429,2457.142857,1024,2464,1434,3450,-6,10,"-6W, +10H",yes,width+height,-4.571429,6.857143
2K,21:9,Portrait,1.5,1440,3440,960.000000,2293.333333,960,2288,1440,3432,0,-8,-8H,yes,height,0.000000,-5.333333
2K,21:9,Portrait,1.6,1440,3440,900.000000,2150.000000,896,2144,1434,3430,-6,-10,"-6W, -10H",yes,width+height,-4.000000,-6.000000
2K,21:9,Portrait,1.7,1440,3440,847.058824,2023.529412,848,2016,1442,3427,2,-13,"+2W, -13H",yes,width+height,0.941176,-7.529412
2K,21:9,Portrait,1.8,1440,3440,800.000000,1911.111111,800,1904,1440,3427,0,-13,-13H,yes,height,0.000000,-7.111111
2K,21:9,Portrait,1.9,1440,3440,757.894737,1810.526316,752,1808,1429,3435,-11,-5,"-11W, -5H",yes,width+height,-5.894737,-2.526316
2K,21:9,Portrait,2.0,1440,3440,720.000000,1720.000000,720,1728,1440,3456,0,16,+16H,yes,height,0.000000,8.000000
4K,1:1,Landscape,1.0,2160,2160,2160.000000,2160.000000,2160,2160,2160,2160,0,0,0,no,,0.000000,0.000000
4K,1:1,Landscape,1.1,2160,2160,1963.636364,1963.636364,1968,1968,2165,2165,5,5,"+5W, +5H",yes,width+height,4.363636,4.363636
4K,1:1,Landscape,1.2,2160,2160,1800.000000,1800.000000,1792,1792,2150,2150,-10,-10,"-10W, -10H",yes,width+height,-8.000000,-8.000000
4K,1:1,Landscape,1.3,2160,2160,1661.538462,1661.538462,1664,1664,2163,2163,3,3,"+3W, +3H",yes,width+height,2.461538,2.461538
4K,1:1,Landscape,1.4,2160,2160,1542.857143,1542.857143,1536,1536,2150,2150,-10,-10,"-10W, -10H",yes,width+height,-6.857143,-6.857143
4K,1:1,Landscape,1.5,2160,2160,1440.000000,1440.000000,1440,1440,2160,2160,0,0,0,no,,0.000000,0.000000
4K,1:1,Landscape,1.6,2160,2160,1350.000000,1350.000000,1344,1344,2150,2150,-10,-10,"-10W, -10H",yes,width+height,-6.000000,-6.000000
4K,1:1,Landscape,1.7,2160,2160,1270.588235,1270.588235,1264,1264,2149,2149,-11,-11,"-11W, -11H",yes,width+height,-6.588235,-6.588235
4K,1:1,Landscape,1.8,2160,2160,1200.000000,1200.000000,1200,1200,2160,2160,0,0,0,no,,0.000000,0.000000
4K,1:1,Landscape,1.9,2160,2160,1136.842105,1136.842105,1136,1136,2158,2158,-2,-2,"-2W, -2H",yes,width+height,-0.842105,-0.842105
4K,1:1,Landscape,2.0,2160,2160,1080.000000,1080.000000,1088,1088,2176,2176,16,16,"+16W, +16H",yes,width+height,8.000000,8.000000
4K,1:1,Portrait,1.0,2160,2160,2160.000000,2160.000000,2160,2160,2160,2160,0,0,0,no,,0.000000,0.000000
4K,1:1,Portrait,1.1,2160,2160,1963.636364,1963.636364,1968,1968,2165,2165,5,5,"+5W, +5H",yes,width+height,4.363636,4.363636
4K,1:1,Portrait,1.2,2160,2160,1800.000000,1800.000000,1792,1792,2150,2150,-10,-10,"-10W, -10H",yes,width+height,-8.000000,-8.000000
4K,1:1,Portrait,1.3,2160,2160,1661.538462,1661.538462,1664,1664,2163,2163,3,3,"+3W, +3H",yes,width+height,2.461538,2.461538
4K,1:1,Portrait,1.4,2160,2160,1542.857143,1542.857143,1536,1536,2150,2150,-10,-10,"-10W, -10H",yes,width+height,-6.857143,-6.857143
4K,1:1,Portrait,1.5,2160,2160,1440.000000,1440.000000,1440,1440,2160,2160,0,0,0,no,,0.000000,0.000000
4K,1:1,Portrait,1.6,2160,2160,1350.000000,1350.000000,1344,1344,2150,2150,-10,-10,"-10W, -10H",yes,width+height,-6.000000,-6.000000
4K,1:1,Portrait,1.7,2160,2160,1270.588235,1270.588235,1264,1264,2149,2149,-11,-11,"-11W, -11H",yes,width+height,-6.588235,-6.588235
4K,1:1,Portrait,1.8,2160,2160,1200.000000,1200.000000,1200,1200,2160,2160,0,0,0,no,,0.000000,0.000000
4K,1:1,Portrait,1.9,2160,2160,1136.842105,1136.842105,1136,1136,2158,2158,-2,-2,"-2W, -2H",yes,width+height,-0.842105,-0.842105
4K,1:1,Portrait,2.0,2160,2160,1080.000000,1080.000000,1088,1088,2176,2176,16,16,"+16W, +16H",yes,width+height,8.000000,8.000000
4K,2:3,Landscape,1.0,3840,2560,3840.000000,2560.000000,3840,2560,3840,2560,0,0,0,no,,0.000000,0.000000
4K,2:3,Landscape,1.1,3840,2560,3490.909091,2327.272727,3488,2320,3837,2552,-3,-8,"-3W, -8H",yes,width+height,-2.909091,-7.272727
4K,2:3,Landscape,1.2,3840,2560,3200.000000,2133.333333,3200,2128,3840,2554,0,-6,-6H,yes,height,0.000000,-5.333333
4K,2:3,Landscape,1.3,3840,2560,2953.846154,1969.230769,2960,1968,3848,2558,8,-2,"+8W, -2H",yes,width+height,6.153846,-1.230769
4K,2:3,Landscape,1.4,3840,2560,2742.857143,1828.571429,2736,1824,3830,2554,-10,-6,"-10W, -6H",yes,width+height,-6.857143,-4.571429
4K,2:3,Landscape,1.5,3840,2560,2560.000000,1706.666667,2560,1712,3840,2568,0,8,+8H,yes,height,0.000000,5.333333
4K,2:3,Landscape,1.6,3840,2560,2400.000000,1600.000000,2400,1600,3840,2560,0,0,0,no,,0.000000,0.000000
4K,2:3,Landscape,1.7,3840,2560,2258.823529,1505.882353,2256,1504,3835,2557,-5,-3,"-5W, -3H",yes,width+height,-2.823529,-1.882353
4K,2:3,Landscape,1.8,3840,2560,2133.333333,1422.222222,2128,1424,3830,2563,-10,3,"-10W, +3H",yes,width+height,-5.333333,1.777778
4K,2:3,Landscape,1.9,3840,2560,2021.052632,1347.368421,2016,1344,3830,2554,-10,-6,"-10W, -6H",yes,width+height,-5.052632,-3.368421
4K,2:3,Landscape,2.0,3840,2560,1920.000000,1280.000000,1920,1280,3840,2560,0,0,0,no,,0.000000,0.000000
4K,2:3,Portrait,1.0,2560,3840,2560.000000,3840.000000,2560,3840,2560,3840,0,0,0,no,,0.000000,0.000000
4K,2:3,Portrait,1.1,2560,3840,2327.272727,3490.909091,2320,3488,2552,3837,-8,-3,"-8W, -3H",yes,width+height,-7.272727,-2.909091
4K,2:3,Portrait,1.2,2560,3840,2133.333333,3200.000000,2128,3200,2554,3840,-6,0,-6W,yes,width,-5.333333,0.000000
4K,2:3,Portrait,1.3,2560,3840,1969.230769,2953.846154,1968,2960,2558,3848,-2,8,"-2W, +8H",yes,width+height,-1.230769,6.153846
4K,2:3,Portrait,1.4,2560,3840,1828.571429,2742.857143,1824,2736,2554,3830,-6,-10,"-6W, -10H",yes,width+height,-4.571429,-6.857143
4K,2:3,Portrait,1.5,2560,3840,1706.666667,2560.000000,1712,2560,2568,3840,8,0,+8W,yes,width,5.333333,0.000000
4K,2:3,Portrait,1.6,2560,3840,1600.000000,2400.000000,1600,2400,2560,3840,0,0,0,no,,0.000000,0.000000
4K,2:3,Portrait,1.7,2560,3840,1505.882353,2258.823529,1504,2256,2557,3835,-3,-5,"-3W, -5H",yes,width+height,-1.882353,-2.823529
4K,2:3,Portrait,1.8,2560,3840,1422.222222,2133.333333,1424,2128,2563,3830,3,-10,"+3W, -10H",yes,width+height,1.777778,-5.333333
4K,2:3,Portrait,1.9,2560,3840,1347.368421,2021.052632,1344,2016,2554,3830,-6,-10,"-6W, -10H",yes,width+height,-3.368421,-5.052632
4K,2:3,Portrait,2.0,2560,3840,1280.000000,1920.000000,1280,1920,2560,3840,0,0,0,no,,0.000000,0.000000
4K,3:4,Landscape,1.0,3840,2880,3840.000000,2880.000000,3840,2880,3840,2880,0,0,0,no,,0.000000,0.000000
4K,3:4,Landscape,1.1,3840,2880,3490.909091,2618.181818,3488,2624,3837,2886,-3,6,"-3W, +6H",yes,width+height,-2.909091,5.818182
4K,3:4,Landscape,1.2,3840,2880,3200.000000,2400.000000,3200,2400,3840,2880,0,0,0,no,,0.000000,0.000000
4K,3:4,Landscape,1.3,3840,2880,2953.846154,2215.384615,2960,2208,3848,2870,8,-10,"+8W, -10H",yes,width+height,6.153846,-7.384615
4K,3:4,Landscape,1.4,3840,2880,2742.857143,2057.142857,2736,2064,3830,2890,-10,10,"-10W, +10H",yes,width+height,-6.857143,6.857143
4K,3:4,Landscape,1.5,3840,2880,2560.000000,1920.000000,2560,1920,3840,2880,0,0,0,no,,0.000000,0.000000
4K,3:4,Landscape,1.6,3840,2880,2400.000000,1800.000000,2400,1792,3840,2867,0,-13,-13H,yes,height,0.000000,-8.000000
4K,3:4,Landscape,1.7,3840,2880,2258.823529,1694.117647,2256,1696,3835,2883,-5,3,"-5W, +3H",yes,width+height,-2.823529,1.882353
4K,3:4,Landscape,1.8,3840,2880,2133.333333,1600.000000,2128,1600,3830,2880,-10,0,-10W,yes,width,-5.333333,0.000000
4K,3:4,Landscape,1.9,3840,2880,2021.052632,1515.789474,2016,1520,3830,2888,-10,8,"-10W, +8H",yes,width+height,-5.052632,4.210526
4K,3:4,Landscape,2.0,3840,2880,1920.000000,1440.000000,1920,1440,3840,2880,0,0,0,no,,0.000000,0.000000
4K,3:4,Portrait,1.0,2880,3840,2880.000000,3840.000000,2880,3840,2880,3840,0,0,0,no,,0.000000,0.000000
4K,3:4,Portrait,1.1,2880,3840,2618.181818,3490.909091,2624,3488,2886,3837,6,-3,"+6W, -3H",yes,width+height,5.818182,-2.909091
4K,3:4,Portrait,1.2,2880,3840,2400.000000,3200.000000,2400,3200,2880,3840,0,0,0,no,,0.000000,0.000000
4K,3:4,Portrait,1.3,2880,3840,2215.384615,2953.846154,2208,2960,2870,3848,-10,8,"-10W, +8H",yes,width+height,-7.384615,6.153846
4K,3:4,Portrait,1.4,2880,3840,2057.142857,2742.857143,2064,2736,2890,3830,10,-10,"+10W, -10H",yes,width+height,6.857143,-6.857143
4K,3:4,Portrait,1.5,2880,3840,1920.000000,2560.000000,1920,2560,2880,3840,0,0,0,no,,0.000000,0.000000
4K,3:4,Portrait,1.6,2880,3840,1800.000000,2400.000000,1792,2400,2867,3840,-13,0,-13W,yes,width,-8.000000,0.000000
4K,3:4,Portrait,1.7,2880,3840,1694.117647,2258.823529,1696,2256,2883,3835,3,-5,"+3W, -5H",yes,width+height,1.882353,-2.823529
4K,3:4,Portrait,1.8,2880,3840,1600.000000,2133.333333,1600,2128,2880,3830,0,-10,-10H,yes,height,0.000000,-5.333333
4K,3:4,Portrait,1.9,2880,3840,1515.789474,2021.052632,1520,2016,2888,3830,8,-10,"+8W, -10H",yes,width+height,4.210526,-5.052632
4K,3:4,Portrait,2.0,2880,3840,1440.000000,1920.000000,1440,1920,2880,3840,0,0,0,no,,0.000000,0.000000
4K,16:9,Landscape,1.0,3840,2160,3840.000000,2160.000000,3840,2160,3840,2160,0,0,0,no,,0.000000,0.000000
4K,16:9,Landscape,1.1,3840,2160,3490.909091,1963.636364,3488,1968,3837,2165,-3,5,"-3W, +5H",yes,width+height,-2.909091,4.363636
4K,16:9,Landscape,1.2,3840,2160,3200.000000,1800.000000,3200,1792,3840,2150,0,-10,-10H,yes,height,0.000000,-8.000000
4K,16:9,Landscape,1.3,3840,2160,2953.846154,1661.538462,2960,1664,3848,2163,8,3,"+8W, +3H",yes,width+height,6.153846,2.461538
4K,16:9,Landscape,1.4,3840,2160,2742.857143,1542.857143,2736,1536,3830,2150,-10,-10,"-10W, -10H",yes,width+height,-6.857143,-6.857143
4K,16:9,Landscape,1.5,3840,2160,2560.000000,1440.000000,2560,1440,3840,2160,0,0,0,no,,0.000000,0.000000
4K,16:9,Landscape,1.6,3840,2160,2400.000000,1350.000000,2400,1344,3840,2150,0,-10,-10H,yes,height,0.000000,-6.000000
4K,16:9,Landscape,1.7,3840,2160,2258.823529,1270.588235,2256,1264,3835,2149,-5,-11,"-5W, -11H",yes,width+height,-2.823529,-6.588235
4K,16:9,Landscape,1.8,3840,2160,2133.333333,1200.000000,2128,1200,3830,2160,-10,0,-10W,yes,width,-5.333333,0.000000
4K,16:9,Landscape,1.9,3840,2160,2021.052632,1136.842105,2016,1136,3830,2158,-10,-2,"-10W, -2H",yes,width+height,-5.052632,-0.842105
4K,16:9,Landscape,2.0,3840,2160,1920.000000,1080.000000,1920,1088,3840,2176,0,16,+16H,yes,height,0.000000,8.000000
4K,16:9,Portrait,1.0,2160,3840,2160.000000,3840.000000,2160,3840,2160,3840,0,0,0,no,,0.000000,0.000000
4K,16:9,Portrait,1.1,2160,3840,1963.636364,3490.909091,1968,3488,2165,3837,5,-3,"+5W, -3H",yes,width+height,4.363636,-2.909091
4K,16:9,Portrait,1.2,2160,3840,1800.000000,3200.000000,1792,3200,2150,3840,-10,0,-10W,yes,width,-8.000000,0.000000
4K,16:9,Portrait,1.3,2160,3840,1661.538462,2953.846154,1664,2960,2163,3848,3,8,"+3W, +8H",yes,width+height,2.461538,6.153846
4K,16:9,Portrait,1.4,2160,3840,1542.857143,2742.857143,1536,2736,2150,3830,-10,-10,"-10W, -10H",yes,width+height,-6.857143,-6.857143
4K,16:9,Portrait,1.5,2160,3840,1440.000000,2560.000000,1440,2560,2160,3840,0,0,0,no,,0.000000,0.000000
4K,16:9,Portrait,1.6,2160,3840,1350.000000,2400.000000,1344,2400,2150,3840,-10,0,-10W,yes,width,-6.000000,0.000000
4K,16:9,Portrait,1.7,2160,3840,1270.588235,2258.823529,1264,2256,2149,3835,-11,-5,"-11W, -5H",yes,width+height,-6.588235,-2.823529
4K,16:9,Portrait,1.8,2160,3840,1200.000000,2133.333333,1200,2128,2160,3830,0,-10,-10H,yes,height,0.000000,-5.333333
4K,16:9,Portrait,1.9,2160,3840,1136.842105,2021.052632,1136,2016,2158,3830,-2,-10,"-2W, -10H",yes,width+height,-0.842105,-5.052632
4K,16:9,Portrait,2.0,2160,3840,1080.000000,1920.000000,1088,1920,2176,3840,16,0,+16W,yes,width,8.000000,0.000000
4K,21:9,Landscape,1.0,5120,2160,5120.000000,2160.000000,5120,2160,5120,2160,0,0,0,no,,0.000000,0.000000
4K,21:9,Landscape,1.1,5120,2160,4654.545455,1963.636364,4656,1968,5122,2165,2,5,"+2W, +5H",yes,width+height,1.454545,4.363636
4K,21:9,Landscape,1.2,5120,2160,4266.666667,1800.000000,4272,1792,5126,2150,6,-10,"+6W, -10H",yes,width+height,5.333333,-8.000000
4K,21:9,Landscape,1.3,5120,2160,3938.461538,1661.538462,3936,1664,5117,2163,-3,3,"-3W, +3H",yes,width+height,-2.461538,2.461538
4K,21:9,Landscape,1.4,5120,2160,3657.142857,1542.857143,3664,1536,5130,2150,10,-10,"+10W, -10H",yes,width+height,6.857143,-6.857143
4K,21:9,Landscape,1.5,5120,2160,3413.333333,1440.000000,3408,1440,5112,2160,-8,0,-8W,yes,width,-5.333333,0.000000
4K,21:9,Landscape,1.6,5120,2160,3200.000000,1350.000000,3200,1344,5120,2150,0,-10,-10H,yes,height,0.000000,-6.000000
4K,21:9,Landscape,1.7,5120,2160,3011.764706,1270.588235,3008,1264,5114,2149,-6,-11,"-6W, -11H",yes,width+height,-3.764706,-6.588235
4K,21:9,Landscape,1.8,5120,2160,2844.444444,1200.000000,2848,1200,5126,2160,6,0,+6W,yes,width,3.555556,0.000000
4K,21:9,Landscape,1.9,5120,2160,2694.736842,1136.842105,2688,1136,5107,2158,-13,-2,"-13W, -2H",yes,width+height,-6.736842,-0.842105
4K,21:9,Landscape,2.0,5120,2160,2560.000000,1080.000000,2560,1088,5120,2176,0,16,+16H,yes,height,0.000000,8.000000
4K,21:9,Portrait,1.0,2160,5120,2160.000000,5120.000000,2160,5120,2160,5120,0,0,0,no,,0.000000,0.000000
4K,21:9,Portrait,1.1,2160,5120,1963.636364,4654.545455,1968,4656,2165,5122,5,2,"+5W, +2H",yes,width+height,4.363636,1.454545
4K,21:9,Portrait,1.2,2160,5120,1800.000000,4266.666667,1792,4272,2150,5126,-10,6,"-10W, +6H",yes,width+height,-8.000000,5.333333
4K,21:9,Portrait,1.3,2160,5120,1661.538462,3938.461538,1664,3936,2163,5117,3,-3,"+3W, -3H",yes,width+height,2.461538,-2.461538
4K,21:9,Portrait,1.4,2160,5120,1542.857143,3657.142857,1536,3664,2150,5130,-10,10,"-10W, +10H",yes,width+height,-6.857143,6.857143
4K,21:9,Portrait,1.5,2160,5120,1440.000000,3413.333333,1440,3408,2160,5112,0,-8,-8H,yes,height,0.000000,-5.333333
4K,21:9,Portrait,1.6,2160,5120,1350.000000,3200.000000,1344,3200,2150,5120,-10,0,-10W,yes,width,-6.000000,0.000000
4K,21:9,Portrait,1.7,2160,5120,1270.588235,3011.764706,1264,3008,2149,5114,-11,-6,"-11W, -6H",yes,width+height,-6.588235,-3.764706
4K,21:9,Portrait,1.8,2160,5120,1200.000000,2844.444444,1200,2848,2160,5126,0,6,+6H,yes,height,0.000000,3.555556
4K,21:9,Portrait,1.9,2160,5120,1136.842105,2694.736842,1136,2688,2158,5107,-2,-13,"-2W, -13H",yes,width+height,-0.842105,-6.736842
4K,21:9,Portrait,2.0,2160,5120,1080.000000,2560.000000,1088,2560,2176,5120,16,0,+16W,yes,width,8.000000,0.000000
